,seed_45,seed_45,seed_359,seed_359,seed_6185,seed_6185,seed_102,seed_102,seed_421,seed_421,seed_123,seed_123,seed_5676,seed_5676,seed_368,seed_368,seed_945,seed_945,seed_909,seed_909,seed_604,seed_604,seed_31,seed_31,seed_7736,seed_7736,seed_766,seed_766,seed_824,seed_824,seed_8623,seed_8623,seed_788,seed_788,seed_781,seed_781,seed_118,seed_118,seed_1946,seed_1946,seed_135,seed_135,seed_169,seed_169,seed_577,seed_577,seed_369,seed_369,seed_9342,seed_9342,seed_980,seed_980,seed_310,seed_310,seed_690,seed_690,seed_288,seed_288,seed_715,seed_715,seed_2672,seed_2672,seed_184,seed_184,seed_148,seed_148,seed_262,seed_262,seed_931,seed_931,seed_404,seed_404,seed_849,seed_849,seed_177,seed_177,seed_340,seed_340,seed_8,seed_8,seed_3794,seed_3794,seed_759,seed_759,seed_245,seed_245,seed_412,seed_412,seed_479,seed_479,seed_764,seed_764,seed_753,seed_753,seed_882,seed_882,seed_362,seed_362,seed_4143,seed_4143
,x_index,y_value,x_index,y_value,x_index,y_value,x_index,y_value,x_index,y_value,x_index,y_value,x_index,y_value,x_index,y_value,x_index,y_value,x_index,y_value,x_index,y_value,x_index,y_value,x_index,y_value,x_index,y_value,x_index,y_value,x_index,y_value,x_index,y_value,x_index,y_value,x_index,y_value,x_index,y_value,x_index,y_value,x_index,y_value,x_index,y_value,x_index,y_value,x_index,y_value,x_index,y_value,x_index,y_value,x_index,y_value,x_index,y_value,x_index,y_value,x_index,y_value,x_index,y_value,x_index,y_value,x_index,y_value,x_index,y_value,x_index,y_value,x_index,y_value,x_index,y_value,x_index,y_value,x_index,y_value,x_index,y_value,x_index,y_value,x_index,y_value,x_index,y_value,x_index,y_value,x_index,y_value,x_index,y_value,x_index,y_value,x_index,y_value,x_index,y_value
iteration,,,,,,,,,,,,,,,,,,,,,,,,,,,,,,,,,,,,,,,,,,,,,,,,,,,,,,,,,,,,,,,,,,,,,,,,,,,,,,,,,,,,,,,,,,,,,,,,,,,,
0,7,0.0,72,0.619629,52,0.225159,98,0.0,54,0.0,72,0.619629,6,0.521209,65,0.557771,4,0.444846,0,0.13848,90,0.581536,64,0.427846,97,0.394429,83,0.085345,1,0.55386,46,0.0,68,0.553297,51,0.246653,45,0.456972,53,0.0,7,0.0,99,0.0,67,0.558344,46,0.0,7,0.0,65,0.557771,94,0.0,3,0.529015,6,0.521209,8,0.0,47,0.0,68,0.553297,70,0.231671,9,0.142527,98,0.0,44,0.595148,1,0.55386,79,0.0,78,0.590437,54,0.0,51,0.246653,4,0.444846,1,0.55386,6,0.521209,84,0.397736,78,0.590437,78,0.590437,12,0.0,83,0.085345,7,0.0
1,90,0.581536,10,0.368919,44,0.595148,84,0.397736,49,0.368797,68,0.553297,79,0.0,49,0.368797,48,0.276438,8,0.0,77,0.606331,9,0.142527,78,0.590437,55,0.420117,64,0.427846,55,0.420117,93,0.0,49,0.368797,80,0.47378,70,0.231671,52,0.225159,46,0.0,98,0.0,81,0.544579,46,0.0,93,0.0,61,0.0,70,0.231671,78,0.590437,84,0.397736,64,0.427846,85,0.0,48,0.276438,68,0.553297,61,0.0,85,0.0,3,0.529015,2,0.23795,44,0.595148,6,0.521209,48,0.276438,80,0.47378,2,0.23795,9,0.142527,53,0.0,68,0.553297,46,0.0,83,0.085345,44,0.595148,61,0.0
2,52,0.225159,77,0.606331,70,0.231671,47,0.0,85,0.0,0,0.13848,0,0.13848,1,0.55386,10,0.368919,78,0.590437,9,0.142527,2,0.23795,70,0.231671,90,0.581536,93,0.0,67,0.558344,51,0.246653,66,0.0,93,0.0,81,0.544579,93,0.0,7,0.0,1,0.55386,97,0.394429,90,0.581536,48,0.276438,68,0.553297,97,0.394429,10,0.368919,67,0.558344,9,0.142527,49,0.368797,81,0.544579,72,0.619629,77,0.606331,90,0.581536,70,0.231671,45,0.456972,80,0.47378,79,0.0,85,0.0,97,0.394429,45,0.456972,83,0.085345,0,0.13848,82,0.05735,79,0.0,6,0.521209,94,0.0,65,0.557771
3,47,0.0,5,0.506045,0,0.13848,64,0.427846,6,0.521209,47,0.0,50,0.0,78,0.590437,70,0.231671,83,0.085345,12,0.0,66,0.0,7,0.0,70,0.231671,66,0.0,81,0.544579,99,0.0,98,0.0,82,0.05735,94,0.0,94,0.0,66,0.0,89,0.528122,11,0.339554,9,0.142527,47,0.0,72,0.619629,67,0.558344,80,0.47378,9,0.142527,51,0.246653,93,0.0,67,0.558344,6,0.521209,97,0.394429,89,0.528122,6,0.521209,85,0.0,11,0.339554,78,0.590437,99,0.0,68,0.553297,98,0.0,84,0.397736,50,0.0,65,0.557771,48,0.276438,45,0.456972,45,0.456972,67,0.558344
4,87,0.218576,97,0.394429,10,0.368919,55,0.420117,83,0.085345,55,0.420117,64,0.427846,87,0.218576,68,0.553297,89,0.528122,67,0.558344,3,0.529015,53,0.0,2,0.23795,70,0.231671,53,0.0,8,0.0,10,0.368919,67,0.558344,47,0.0,47,0.0,50,0.0,10,0.368919,55,0.420117,77,0.606331,51,0.246653,93,0.0,99,0.0,66,0.0,4,0.444846,10,0.368919,65,0.557771,5,0.506045,65,0.557771,72,0.619629,94,0.0,7,0.0,83,0.085345,46,0.0,44,0.595148,10,0.368919,94,0.0,6,0.521209,64,0.427846,66,0.0,55,0.420117,94,0.0,66,0.0,47,0.0,83,0.085345
5,55,0.420117,70,0.231671,94,0.0,90,0.581536,12,0.0,81,0.544579,54,0.0,93,0.0,54,0.0,67,0.558344,50,0.0,0,0.13848,55,0.420117,65,0.557771,89,0.528122,9,0.142527,9,0.142527,47,0.0,61,0.0,68,0.553297,48,0.276438,78,0.590437,12,0.0,79,0.0,12,0.0,77,0.606331,2,0.23795,77,0.606331,12,0.0,2,0.23795,80,0.47378,9,0.142527,72,0.619629,83,0.085345,11,0.339554,54,0.0,87,0.218576,77,0.606331,48,0.276438,80,0.47378,0,0.13848,11,0.339554,70,0.231671,89,0.528122,7,0.0,48,0.276438,44,0.595148,77,0.606331,70,0.231671,9,0.142527
6,11,0.339554,6,0.521209,66,0.0,51,0.246653,77,0.606331,3,0.529015,66,0.0,84,0.397736,67,0.558344,12,0.0,84,0.397736,47,0.0,84,0.397736,93,0.0,50,0.0,0,0.13848,89,0.528122,83,0.085345,8,0.0,89,0.528122,68,0.553297,93,0.0,90,0.581536,68,0.553297,5,0.506045,45,0.456972,45,0.456972,47,0.0,48,0.276438,5,0.506045,11,0.339554,50,0.0,89,0.528122,5,0.506045,5,0.506045,97,0.394429,48,0.276438,52,0.225159,45,0.456972,64,0.427846,9,0.142527,99,0.0,8,0.0,46,0.0,70,0.231671,77,0.606331,89,0.528122,54,0.0,12,0.0,4,0.444846
7,4,0.444846,47,0.0,82,0.05735,83,0.085345,98,0.0,85,0.0,49,0.368797,7,0.0,94,0.0,87,0.218576,61,0.0,4,0.444846,5,0.506045,79,0.0,7,0.0,48,0.276438,54,0.0,44,0.595148,78,0.590437,78,0.590437,89,0.528122,81,0.544579,87,0.218576,65,0.557771,53,0.0,89,0.528122,4,0.444846,45,0.456972,64,0.427846,51,0.246653,81,0.544579,1,0.55386,65,0.557771,55,0.420117,44,0.595148,52,0.225159,79,0.0,93,0.0,66,0.0,12,0.0,90,0.581536,77,0.606331,94,0.0,5,0.506045,94,0.0,99,0.0,82,0.05735,2,0.23795,72,0.619629,50,0.0
8,70,0.231671,9,0.142527,50,0.0,97,0.394429,53,0.0,44,0.595148,52,0.225159,5,0.506045,66,0.0,9,0.142527,79,0.0,98,0.0,89,0.528122,47,0.0,97,0.394429,66,0.0,3,0.529015,78,0.590437,11,0.339554,8,0.0,65,0.557771,70,0.231671,66,0.0,45,0.456972,52,0.225159,90,0.581536,67,0.558344,0,0.13848,55,0.420117,61,0.0,94,0.0,7,0.0,82,0.05735,87,0.218576,54,0.0,79,0.0,11,0.339554,0,0.13848,99,0.0,84,0.397736,94,0.0,55,0.420117,9,0.142527,66,0.0,81,0.544579,10,0.368919,6,0.521209,78,0.590437,6,0.521209,53,0.0
9,54,0.0,80,0.47378,6,0.521209,79,0.0,81,0.544579,12,0.0,61,0.0,98,0.0,81,0.544579,55,0.420117,65,0.557771,53,0.0,1,0.55386,4,0.444846,55,0.420117,7,0.0,87,0.218576,1,0.55386,51,0.246653,10,0.368919,46,0.0,87,0.218576,51,0.246653,48,0.276438,48,0.276438,99,0.0,52,0.225159,79,0.0,89,0.528122,46,0.0,67,0.558344,83,0.085345,93,0.0,79,0.0,0,0.13848,1,0.55386,2,0.23795,44,0.595148,7,0.0,2,0.23795,79,0.0,79,0.0,78,0.590437,98,0.0,98,0.0,52,0.225159,47,0.0,55,0.420117,52,0.225159,82,0.05735
10,6,0.521209,69,0.655095,39,0.735191,88,0.64553,64,0.427846,62,0.6771,65,0.557771,68,0.553297,69,0.655095,91,0.625649,80,0.47378,13,0.936549,91,0.625649,88,0.64553,3,0.529015,6,0.521209,86,0.638409,16,0.88388,73,0.687847,96,0.641716,64,0.427846,73,0.687847,91,0.625649,71,0.669569,86,0.638409,80,0.47378,69,0.655095,69,0.655095,91,0.625649,6,0.521209,82,0.05735,64,0.427846,62,0.6771,71,0.669569,69,0.655095,19,0.869142,19,0.869142,65,0.557771,41,0.696129,74,0.658964,91,0.625649,69,0.655095,68,0.553297,63,0.673479,80,0.47378,86,0.638409,63,0.673479,76,0.645276,40,0.741053,69,0.655095
11,92,0.665694,68,0.553297,36,0.727446,86,0.638409,84,0.397736,45,0.456972,63,0.673479,19,0.869142,71,0.669569,95,0.649364,71,0.669569,18,0.932613,92,0.665694,71,0.669569,5,0.506045,87,0.218576,71,0.669569,14,0.901296,74,0.658964,97,0.394429,63,0.673479,76,0.645276,92,0.665694,76,0.645276,71,0.669569,64,0.427846,71,0.669569,71,0.669569,95,0.649364,59,0.65301,6,0.521209,19,0.869142,45,0.456972,69,0.655095,63,0.673479,17,0.902128,17,0.902128,37,0.760199,18,0.932613,90,0.581536,92,0.665694,67,0.558344,65,0.557771,16,0.88388,82,0.05735,91,0.625649,43,0.681477,75,0.644678,37,0.760199,71,0.669569
12,96,0.641716,67,0.558344,42,0.68768,80,0.47378,80,0.47378,63,0.673479,43,0.681477,17,0.902128,76,0.645276,96,0.641716,74,0.658964,16,0.88388,96,0.641716,76,0.645276,4,0.444846,44,0.595148,43,0.681477,13,0.936549,71,0.669569,95,0.649364,60,0.624609,74,0.658964,95,0.649364,73,0.687847,73,0.687847,88,0.64553,76,0.645276,73,0.687847,96,0.641716,63,0.673479,72,0.619629,17,0.902128,69,0.655095,76,0.645276,71,0.669569,18,0.932613,18,0.932613,35,0.775094,20,0.899917,73,0.687847,96,0.641716,71,0.669569,95,0.649364,41,0.696129,77,0.606331,80,0.47378,41,0.696129,74,0.658964,38,0.73516,74,0.658964
13,95,0.649364,71,0.669569,29,0.733492,76,0.645276,67,0.558344,69,0.655095,17,0.902128,18,0.932613,73,0.687847,74,0.658964,73,0.687847,58,0.829756,95,0.649364,73,0.687847,0,0.13848,40,0.741053,60,0.624609,20,0.899917,76,0.645276,91,0.625649,69,0.655095,71,0.669569,96,0.641716,74,0.658964,74,0.658964,71,0.669569,73,0.687847,74,0.658964,92,0.665694,41,0.696129,62,0.6771,18,0.932613,71,0.669569,73,0.687847,60,0.624609,15,0.92212,16,0.88388,31,0.746997,19,0.869142,76,0.645276,95,0.649364,72,0.619629,96,0.641716,18,0.932613,71,0.669569,89,0.528122,45,0.456972,73,0.687847,34,0.757861,75,0.644678
14,91,0.625649,73,0.687847,31,0.746997,71,0.669569,72,0.619629,65,0.557771,18,0.932613,13,0.936549,74,0.658964,73,0.687847,75,0.644678,15,0.92212,90,0.581536,74,0.658964,19,0.869142,35,0.775094,69,0.655095,21,0.904846,69,0.655095,92,0.665694,71,0.669569,86,0.638409,78,0.590437,75,0.644678,76,0.645276,69,0.655095,74,0.658964,76,0.645276,90,0.581536,30,0.691636,69,0.655095,21,0.904846,74,0.658964,74,0.658964,62,0.6771,14,0.901296,15,0.92212,34,0.757861,13,0.936549,62,0.6771,93,0.0,73,0.687847,92,0.665694,58,0.829756,73,0.687847,95,0.649364,30,0.691636,71,0.669569,31,0.746997,76,0.645276
15,86,0.638409,74,0.658964,34,0.757861,69,0.655095,90,0.581536,59,0.65301,14,0.901296,21,0.904846,75,0.644678,62,0.6771,69,0.655095,14,0.901296,74,0.658964,80,0.47378,20,0.899917,31,0.746997,19,0.869142,15,0.92212,75,0.644678,74,0.658964,62,0.6771,51,0.246653,4,0.444846,69,0.655095,69,0.655095,72,0.619629,75,0.644678,75,0.644678,86,0.638409,43,0.681477,45,0.456972,13,0.936549,75,0.644678,75,0.644678,45,0.456972,13,0.936549,21,0.904846,39,0.735191,14,0.901296,45,0.456972,86,0.638409,74,0.658964,91,0.625649,19,0.869142,74,0.658964,96,0.641716,18,0.932613,69,0.655095,28,0.797176,73,0.687847
16,76,0.645276,76,0.645276,28,0.797176,72,0.619629,75,0.644678,71,0.669569,13,0.936549,14,0.901296,72,0.619629,69,0.655095,68,0.553297,30,0.691636,73,0.687847,69,0.655095,22,0.820774,34,0.757861,65,0.557771,18,0.932613,62,0.6771,75,0.644678,45,0.456972,77,0.606331,76,0.645276,72,0.619629,64,0.427846,76,0.645276,64,0.427846,72,0.619629,88,0.64553,16,0.88388,71,0.669569,15,0.92212,76,0.645276,92,0.665694,59,0.65301,16,0.88388,14,0.901296,33,0.725884,15,0.92212,72,0.619629,80,0.47378,76,0.645276,90,0.581536,17,0.902128,76,0.645276,92,0.665694,58,0.829756,72,0.619629,27,0.825486,72,0.619629
17,78,0.590437,75,0.644678,27,0.825486,73,0.687847,92,0.665694,73,0.687847,15,0.92212,15,0.92212,77,0.606331,76,0.645276,76,0.645276,21,0.904846,76,0.645276,62,0.6771,17,0.902128,38,0.73516,17,0.902128,17,0.902128,63,0.673479,93,0.0,73,0.687847,91,0.625649,73,0.687847,88,0.64553,75,0.644678,73,0.687847,62,0.6771,62,0.6771,76,0.645276,18,0.932613,76,0.645276,14,0.901296,73,0.687847,88,0.64553,76,0.645276,20,0.899917,13,0.936549,29,0.733492,21,0.904846,71,0.669569,88,0.64553,75,0.644678,86,0.638409,43,0.681477,75,0.644678,76,0.645276,13,0.936549,68,0.553297,23,0.87748,62,0.6771
18,73,0.687847,78,0.590437,26,0.839722,91,0.625649,96,0.641716,74,0.658964,21,0.904846,16,0.88388,88,0.64553,45,0.456972,72,0.619629,20,0.899917,71,0.669569,72,0.619629,18,0.932613,33,0.725884,18,0.932613,19,0.869142,65,0.557771,73,0.687847,74,0.658964,95,0.649364,71,0.669569,92,0.665694,80,0.47378,74,0.658964,63,0.673479,68,0.553297,74,0.658964,17,0.902128,74,0.658964,16,0.88388,88,0.64553,96,0.641716,73,0.687847,21,0.904846,20,0.899917,38,0.73516,16,0.88388,69,0.655095,76,0.645276,78,0.590437,88,0.64553,15,0.92212,69,0.655095,73,0.687847,15,0.92212,62,0.6771,21,0.904846,68,0.553297
19,74,0.658964,64,0.427846,24,0.857797,74,0.658964,95,0.649364,76,0.645276,16,0.88388,20,0.899917,92,0.665694,71,0.669569,64,0.427846,17,0.902128,69,0.655095,45,0.456972,21,0.904846,39,0.735191,16,0.88388,3,0.529015,59,0.65301,76,0.645276,76,0.645276,96,0.641716,74,0.658964,96,0.641716,91,0.625649,75,0.644678,59,0.65301,86,0.638409,73,0.687847,19,0.869142,75,0.644678,20,0.899917,92,0.665694,90,0.581536,74,0.658964,22,0.820774,23,0.87748,57,0.65512,17,0.902128,63,0.673479,74,0.658964,64,0.427846,80,0.47378,14,0.901296,72,0.619629,74,0.658964,14,0.901296,67,0.558344,13,0.936549,63,0.673479
20,71,0.669569,16,0.88388,23,0.87748,92,0.665694,74,0.658964,75,0.644678,20,0.899917,58,0.829756,96,0.641716,75,0.644678,78,0.590437,19,0.869142,75,0.644678,75,0.644678,13,0.936549,29,0.733492,15,0.92212,58,0.829756,57,0.65512,71,0.669569,72,0.619629,92,0.665694,69,0.655095,91,0.625649,72,0.619629,92,0.665694,57,0.65512,91,0.625649,71,0.669569,58,0.829756,73,0.687847,23,0.87748,96,0.641716,86,0.638409,49,0.368797,23,0.87748,22,0.820774,28,0.797176,58,0.829756,59,0.65301,73,0.687847,81,0.544579,76,0.645276,13,0.936549,68,0.553297,71,0.669569,17,0.902128,86,0.638409,14,0.901296,59,0.65301
21,75,0.644678,63,0.673479,14,0.901296,96,0.641716,76,0.645276,49,0.368797,58,0.829756,23,0.87748,86,0.638409,86,0.638409,92,0.665694,23,0.87748,51,0.246653,92,0.665694,15,0.92212,28,0.797176,14,0.901296,23,0.87748,72,0.619629,69,0.655095,59,0.65301,75,0.644678,64,0.427846,90,0.581536,95,0.649364,96,0.641716,40,0.741053,95,0.649364,69,0.655095,15,0.92212,88,0.64553,22,0.820774,86,0.638409,95,0.649364,57,0.65512,24,0.857797,24,0.857797,27,0.825486,3,0.529015,67,0.558344,71,0.669569,82,0.05735,73,0.687847,21,0.904846,64,0.427846,75,0.644678,21,0.904846,91,0.625649,15,0.92212,60,0.624609
22,69,0.655095,43,0.681477,15,0.92212,95,0.649364,73,0.687847,57,0.65512,19,0.869142,24,0.857797,91,0.625649,92,0.665694,96,0.641716,22,0.820774,64,0.427846,96,0.641716,14,0.901296,27,0.825486,13,0.936549,24,0.857797,48,0.276438,45,0.456972,57,0.65512,88,0.64553,68,0.553297,95,0.649364,96,0.641716,95,0.649364,44,0.595148,96,0.641716,45,0.456972,14,0.901296,92,0.665694,24,0.857797,80,0.47378,91,0.625649,29,0.733492,25,0.832971,30,0.691636,24,0.857797,23,0.87748,57,0.65512,69,0.655095,84,0.397736,74,0.658964,20,0.899917,78,0.590437,90,0.581536,20,0.899917,95,0.649364,18,0.932613,49,0.368797
23,77,0.606331,41,0.696129,16,0.88388,75,0.644678,91,0.625649,56,0.699507,23,0.87748,25,0.832971,90,0.581536,88,0.64553,62,0.6771,24,0.857797,72,0.619629,95,0.649364,16,0.88388,26,0.839722,20,0.899917,25,0.832971,37,0.760199,86,0.638409,34,0.757861,90,0.581536,72,0.619629,86,0.638409,92,0.665694,91,0.625649,37,0.760199,92,0.665694,75,0.644678,13,0.936549,96,0.641716,58,0.829756,91,0.625649,80,0.47378,36,0.727446,26,0.839722,58,0.829756,23,0.87748,24,0.857797,91,0.625649,75,0.644678,83,0.085345,72,0.619629,23,0.87748,88,0.64553,69,0.655095,16,0.88388,96,0.641716,20,0.899917,58,0.829756
24,88,0.64553,30,0.691636,13,0.936549,78,0.590437,78,0.590437,5,0.506045,24,0.857797,3,0.529015,95,0.649364,80,0.47378,45,0.456972,25,0.832971,62,0.6771,91,0.625649,23,0.87748,25,0.832971,21,0.904846,22,0.820774,40,0.741053,88,0.64553,31,0.746997,80,0.47378,75,0.644678,80,0.47378,89,0.528122,86,0.638409,35,0.775094,88,0.64553,72,0.619629,21,0.904846,90,0.581536,3,0.529015,90,0.581536,62,0.6771,42,0.68768,58,0.829756,25,0.832971,14,0.901296,22,0.820774,86,0.638409,72,0.619629,88,0.64553,75,0.644678,22,0.820774,92,0.665694,72,0.619629,19,0.869142,92,0.665694,16,0.88388,18,0.932613
25,80,0.47378,59,0.65301,21,0.904846,67,0.558344,88,0.64553,29,0.733492,25,0.832971,22,0.820774,80,0.47378,72,0.619629,95,0.649364,26,0.839722,45,0.456972,86,0.638409,58,0.829756,23,0.87748,58,0.829756,26,0.839722,44,0.595148,90,0.581536,33,0.725884,69,0.655095,62,0.6771,78,0.590437,78,0.590437,62,0.6771,38,0.73516,80,0.47378,62,0.6771,20,0.899917,95,0.649364,25,0.832971,95,0.649364,45,0.456972,39,0.735191,27,0.825486,26,0.839722,15,0.92212,25,0.832971,89,0.528122,62,0.6771,92,0.665694,71,0.669569,24,0.857797,91,0.625649,64,0.427846,23,0.87748,88,0.64553,19,0.869142,19,0.869142
26,72,0.619629,62,0.6771,18,0.932613,62,0.6771,71,0.669569,36,0.727446,26,0.839722,26,0.839722,78,0.590437,90,0.581536,91,0.625649,27,0.825486,63,0.673479,63,0.673479,24,0.857797,24,0.857797,23,0.87748,27,0.825486,35,0.775094,80,0.47378,32,0.724231,72,0.619629,45,0.456972,89,0.528122,88,0.64553,63,0.673479,34,0.757861,90,0.581536,67,0.558344,23,0.87748,91,0.625649,30,0.691636,63,0.673479,67,0.558344,31,0.746997,28,0.797176,27,0.825486,13,0.936549,26,0.839722,40,0.741053,6,0.521209,96,0.641716,69,0.655095,25,0.832971,90,0.581536,67,0.558344,22,0.820774,90,0.581536,30,0.691636,17,0.902128
27,68,0.553297,45,0.456972,17,0.902128,45,0.456972,69,0.655095,42,0.68768,27,0.825486,27,0.825486,64,0.427846,63,0.673479,86,0.638409,28,0.797176,68,0.553297,59,0.65301,25,0.832971,13,0.936549,24,0.857797,30,0.691636,34,0.757861,72,0.619629,38,0.73516,64,0.427846,88,0.64553,62,0.6771,62,0.6771,59,0.65301,31,0.746997,78,0.590437,68,0.553297,24,0.857797,86,0.638409,26,0.839722,59,0.65301,78,0.590437,33,0.725884,11,0.339554,28,0.797176,16,0.88388,27,0.825486,37,0.760199,67,0.558344,91,0.625649,67,0.558344,26,0.839722,96,0.641716,88,0.64553,24,0.857797,80,0.47378,17,0.902128,16,0.88388
28,64,0.427846,18,0.932613,19,0.869142,63,0.673479,62,0.6771,39,0.735191,22,0.820774,28,0.797176,62,0.6771,59,0.65301,88,0.64553,32,0.724231,59,0.65301,67,0.558344,26,0.839722,15,0.92212,25,0.832971,28,0.797176,31,0.746997,62,0.6771,35,0.775094,67,0.558344,86,0.638409,67,0.558344,45,0.456972,57,0.65512,33,0.725884,64,0.427846,63,0.673479,25,0.832971,78,0.590437,27,0.825486,41,0.696129,64,0.427846,32,0.724231,3,0.529015,32,0.724231,21,0.904846,28,0.797176,35,0.775094,63,0.673479,95,0.649364,64,0.427846,27,0.825486,95,0.649364,63,0.673479,25,0.832971,64,0.427846,24,0.857797,43,0.681477
29,62,0.6771,58,0.829756,20,0.899917,59,0.65301,45,0.456972,31,0.746997,28,0.797176,30,0.691636,45,0.456972,41,0.696129,89,0.528122,6,0.521209,60,0.624609,41,0.696129,27,0.825486,18,0.932613,22,0.820774,32,0.724231,28,0.797176,67,0.558344,37,0.760199,89,0.528122,80,0.47378,63,0.673479,63,0.673479,44,0.595148,39,0.735191,63,0.673479,59,0.65301,22,0.820774,63,0.673479,28,0.797176,30,0.691636,97,0.394429,34,0.757861,30,0.691636,33,0.725884,18,0.932613,30,0.691636,38,0.73516,59,0.65301,90,0.581536,62,0.6771,28,0.797176,86,0.638409,59,0.65301,26,0.839722,89,0.528122,25,0.832971,15,0.92212
30,45,0.456972,15,0.92212,3,0.529015,57,0.65512,86,0.638409,33,0.725884,30,0.691636,31,0.746997,89,0.528122,44,0.595148,63,0.673479,33,0.725884,57,0.65512,30,0.691636,28,0.797176,17,0.902128,26,0.839722,33,0.725884,27,0.825486,64,0.427846,40,0.741053,68,0.553297,63,0.673479,59,0.65301,59,0.65301,37,0.760199,28,0.797176,59,0.65301,41,0.696129,26,0.839722,59,0.65301,31,0.746997,16,0.88388,63,0.673479,28,0.797176,32,0.724231,31,0.746997,17,0.902128,32,0.724231,39,0.735191,41,0.696129,86,0.638409,63,0.673479,30,0.691636,62,0.6771,62,0.6771,27,0.825486,63,0.673479,22,0.820774,14,0.901296
31,67,0.558344,14,0.901296,25,0.832971,89,0.528122,89,0.528122,34,0.757861,32,0.724231,32,0.724231,63,0.673479,16,0.88388,59,0.65301,31,0.746997,36,0.727446,15,0.92212,30,0.691636,14,0.901296,27,0.825486,31,0.746997,25,0.832971,63,0.673479,44,0.595148,62,0.6771,59,0.65301,60,0.624609,67,0.558344,40,0.741053,27,0.825486,41,0.696129,30,0.691636,27,0.825486,41,0.696129,32,0.724231,18,0.932613,59,0.65301,27,0.825486,33,0.725884,34,0.757861,19,0.869142,33,0.725884,34,0.757861,30,0.691636,62,0.6771,89,0.528122,32,0.724231,45,0.456972,41,0.696129,28,0.797176,59,0.65301,26,0.839722,13,0.936549
32,63,0.673479,13,0.936549,58,0.829756,38,0.73516,63,0.673479,32,0.724231,31,0.746997,29,0.733492,59,0.65301,18,0.932613,49,0.368797,34,0.757861,42,0.68768,14,0.901296,32,0.724231,19,0.869142,28,0.797176,36,0.727446,24,0.857797,59,0.65301,28,0.797176,63,0.673479,41,0.696129,57,0.65512,57,0.65512,35,0.775094,25,0.832971,30,0.691636,23,0.87748,28,0.797176,30,0.691636,34,0.757861,58,0.829756,41,0.696129,26,0.839722,31,0.746997,35,0.775094,20,0.899917,31,0.746997,31,0.746997,25,0.832971,63,0.673479,43,0.681477,33,0.725884,89,0.528122,45,0.456972,10,0.368919,41,0.696129,58,0.829756,21,0.904846
33,59,0.65301,20,0.899917,22,0.820774,34,0.757861,65,0.557771,28,0.797176,34,0.757861,33,0.725884,41,0.696129,58,0.829756,41,0.696129,35,0.775094,33,0.725884,13,0.936549,33,0.725884,16,0.88388,30,0.691636,42,0.68768,23,0.87748,41,0.696129,27,0.825486,59,0.65301,16,0.88388,33,0.725884,65,0.557771,38,0.73516,5,0.506045,44,0.595148,24,0.857797,32,0.724231,23,0.87748,35,0.775094,17,0.902128,30,0.691636,23,0.87748,36,0.727446,37,0.760199,5,0.506045,36,0.727446,33,0.725884,32,0.724231,59,0.65301,19,0.869142,31,0.746997,67,0.558344,30,0.691636,3,0.529015,30,0.691636,29,0.733492,20,0.899917
34,41,0.696129,21,0.904846,32,0.724231,33,0.725884,59,0.65301,27,0.825486,39,0.735191,34,0.757861,30,0.691636,17,0.902128,16,0.88388,38,0.73516,32,0.724231,18,0.932613,31,0.746997,21,0.904846,32,0.724231,29,0.733492,21,0.904846,30,0.691636,5,0.506045,41,0.696129,18,0.932613,42,0.68768,60,0.624609,34,0.757861,32,0.724231,16,0.88388,3,0.529015,31,0.746997,3,0.529015,38,0.73516,19,0.869142,49,0.368797,21,0.904846,29,0.733492,40,0.741053,25,0.832971,29,0.733492,32,0.724231,26,0.839722,41,0.696129,17,0.902128,36,0.727446,63,0.673479,23,0.87748,59,0.65301,24,0.857797,3,0.529015,23,0.87748
35,30,0.691636,17,0.902128,33,0.725884,31,0.746997,57,0.65512,26,0.839722,35,0.775094,35,0.775094,14,0.901296,19,0.869142,18,0.932613,37,0.760199,31,0.746997,16,0.88388,29,0.733492,58,0.829756,6,0.521209,34,0.757861,20,0.899917,43,0.681477,26,0.839722,30,0.691636,19,0.869142,32,0.724231,32,0.724231,31,0.746997,26,0.839722,18,0.932613,5,0.506045,33,0.725884,24,0.857797,37,0.760199,15,0.92212,43,0.681477,13,0.936549,42,0.68768,38,0.73516,22,0.820774,34,0.757861,29,0.733492,24,0.857797,30,0.691636,18,0.932613,42,0.68768,65,0.557771,24,0.857797,32,0.724231,26,0.839722,32,0.724231,5,0.506045
36,21,0.904846,19,0.869142,38,0.73516,42,0.68768,56,0.699507,23,0.87748,38,0.73516,37,0.760199,15,0.92212,15,0.92212,58,0.829756,40,0.741053,34,0.757861,20,0.899917,36,0.727446,3,0.529015,37,0.760199,39,0.735191,13,0.936549,16,0.88388,25,0.832971,16,0.88388,15,0.92212,31,0.746997,42,0.68768,33,0.725884,24,0.857797,17,0.902128,25,0.832971,34,0.757861,25,0.832971,40,0.741053,14,0.901296,16,0.88388,20,0.899917,34,0.757861,39,0.735191,26,0.839722,42,0.68768,42,0.68768,23,0.87748,43,0.681477,16,0.88388,29,0.733492,59,0.65301,32,0.724231,33,0.725884,32,0.724231,35,0.775094,24,0.857797
37,20,0.899917,23,0.87748,35,0.775094,35,0.775094,29,0.733492,24,0.857797,5,0.506045,40,0.741053,18,0.932613,14,0.901296,17,0.902128,44,0.595148,38,0.73516,19,0.869142,34,0.757861,20,0.899917,40,0.741053,38,0.73516,15,0.92212,18,0.932613,24,0.857797,14,0.901296,13,0.936549,28,0.797176,33,0.725884,32,0.724231,23,0.87748,19,0.869142,21,0.904846,35,0.775094,26,0.839722,33,0.725884,13,0.936549,18,0.932613,15,0.92212,39,0.735191,44,0.595148,58,0.829756,38,0.73516,28,0.797176,21,0.904846,45,0.456972,58,0.829756,34,0.757861,41,0.696129,21,0.904846,31,0.746997,25,0.832971,39,0.735191,25,0.832971
38,22,0.820774,22,0.820774,30,0.691636,37,0.760199,39,0.735191,21,0.904846,33,0.725884,38,0.73516,16,0.88388,13,0.936549,19,0.869142,39,0.735191,35,0.775094,17,0.902128,38,0.73516,22,0.820774,44,0.595148,35,0.775094,14,0.901296,58,0.829756,23,0.87748,18,0.932613,20,0.899917,26,0.839722,49,0.368797,39,0.735191,21,0.904846,15,0.92212,13,0.936549,38,0.73516,27,0.825486,44,0.595148,20,0.899917,58,0.829756,14,0.901296,38,0.73516,29,0.733492,32,0.724231,39,0.735191,27,0.825486,3,0.529015,16,0.88388,41,0.696129,38,0.73516,30,0.691636,20,0.899917,42,0.68768,23,0.87748,33,0.725884,26,0.839722
39,13,0.936549,24,0.857797,37,0.760199,44,0.595148,34,0.757861,13,0.936549,37,0.760199,39,0.735191,58,0.829756,21,0.904846,43,0.681477,29,0.733492,39,0.735191,21,0.904846,35,0.775094,30,0.691636,31,0.746997,37,0.760199,18,0.932613,15,0.92212,21,0.904846,17,0.902128,14,0.901296,24,0.857797,36,0.727446,28,0.797176,13,0.936549,14,0.901296,15,0.92212,37,0.760199,28,0.797176,39,0.735191,21,0.904846,15,0.92212,18,0.932613,35,0.775094,57,0.65512,40,0.741053,35,0.775094,5,0.506045,20,0.899917,18,0.932613,15,0.92212,39,0.735191,23,0.87748,3,0.529015,36,0.727446,5,0.506045,57,0.65512,22,0.820774
40,14,0.901296,25,0.832971,40,0.741053,39,0.735191,36,0.727446,15,0.92212,40,0.741053,44,0.595148,17,0.902128,20,0.899917,15,0.92212,36,0.727446,40,0.741053,58,0.829756,37,0.760199,32,0.724231,33,0.725884,40,0.741053,16,0.88388,14,0.901296,13,0.936549,19,0.869142,21,0.904846,23,0.87748,31,0.746997,27,0.825486,18,0.932613,58,0.829756,14,0.901296,40,0.741053,21,0.904846,57,0.65512,23,0.87748,14,0.901296,16,0.88388,37,0.760199,36,0.727446,30,0.691636,37,0.760199,26,0.839722,13,0.936549,58,0.829756,13,0.936549,35,0.775094,24,0.857797,25,0.832971,34,0.757861,21,0.904846,36,0.727446,27,0.825486
41,15,0.92212,26,0.839722,41,0.696129,29,0.733492,31,0.746997,14,0.901296,44,0.595148,57,0.65512,19,0.869142,5,0.506045,14,0.901296,42,0.68768,37,0.760199,3,0.529015,40,0.741053,37,0.760199,34,0.757861,57,0.65512,17,0.902128,13,0.936549,18,0.932613,15,0.92212,17,0.902128,13,0.936549,28,0.797176,26,0.839722,17,0.902128,13,0.936549,16,0.88388,44,0.595148,13,0.936549,29,0.733492,22,0.820774,13,0.936549,58,0.829756,40,0.741053,42,0.68768,36,0.727446,40,0.741053,25,0.832971,14,0.901296,15,0.92212,20,0.899917,37,0.760199,32,0.724231,26,0.839722,29,0.733492,20,0.899917,42,0.68768,28,0.797176
42,18,0.932613,27,0.825486,57,0.65512,36,0.727446,33,0.725884,16,0.88388,29,0.733492,36,0.727446,13,0.936549,23,0.87748,13,0.936549,57,0.65512,44,0.595148,23,0.87748,39,0.735191,36,0.727446,35,0.775094,41,0.696129,19,0.869142,21,0.904846,19,0.869142,13,0.936549,58,0.829756,14,0.901296,27,0.825486,5,0.506045,15,0.92212,21,0.904846,20,0.899917,39,0.735191,14,0.901296,36,0.727446,24,0.857797,21,0.904846,17,0.902128,57,0.65512,41,0.696129,42,0.68768,57,0.65512,24,0.857797,15,0.92212,14,0.901296,14,0.901296,40,0.741053,25,0.832971,13,0.936549,57,0.65512,22,0.820774,41,0.696129,30,0.691636
43,58,0.829756,28,0.797176,4,0.444846,28,0.797176,42,0.68768,18,0.932613,36,0.727446,42,0.68768,20,0.899917,24,0.857797,3,0.529015,41,0.696129,29,0.733492,24,0.857797,44,0.595148,42,0.68768,38,0.73516,43,0.681477,30,0.691636,20,0.899917,15,0.92212,58,0.829756,23,0.87748,15,0.92212,26,0.839722,25,0.832971,14,0.901296,20,0.899917,18,0.932613,29,0.733492,15,0.92212,42,0.68768,25,0.832971,20,0.899917,19,0.869142,41,0.696129,43,0.681477,41,0.696129,1,0.55386,23,0.87748,18,0.932613,13,0.936549,21,0.904846,44,0.595148,3,0.529015,14,0.901296,38,0.73516,13,0.936549,56,0.699507,32,0.724231
44,16,0.88388,32,0.724231,43,0.681477,27,0.825486,28,0.797176,20,0.899917,42,0.68768,41,0.696129,21,0.904846,25,0.832971,21,0.904846,43,0.681477,28,0.797176,25,0.832971,42,0.68768,41,0.696129,12,0.0,6,0.521209,3,0.529015,5,0.506045,14,0.901296,20,0.899917,3,0.529015,21,0.904846,25,0.832971,24,0.857797,19,0.869142,23,0.87748,58,0.829756,42,0.68768,18,0.932613,41,0.696129,26,0.839722,23,0.87748,24,0.857797,43,0.681477,45,0.456972,80,0.47378,43,0.681477,21,0.904846,58,0.829756,21,0.904846,3,0.529015,57,0.65512,27,0.825486,15,0.92212,35,0.775094,14,0.901296,10,0.368919,31,0.746997
45,19,0.869142,31,0.746997,59,0.65301,26,0.839722,27,0.825486,58,0.829756,41,0.696129,75,0.644678,22,0.820774,26,0.839722,20,0.899917,59,0.65301,27,0.825486,22,0.820774,57,0.65512,57,0.65512,57,0.65512,45,0.456972,22,0.820774,17,0.902128,16,0.88388,3,0.529015,30,0.691636,16,0.88388,24,0.857797,23,0.87748,16,0.88388,24,0.857797,17,0.902128,36,0.727446,17,0.902128,43,0.681477,27,0.825486,17,0.902128,22,0.820774,45,0.456972,59,0.65301,56,0.699507,75,0.644678,13,0.936549,17,0.902128,20,0.899917,23,0.87748,62,0.6771,26,0.839722,16,0.88388,39,0.735191,15,0.92212,4,0.444846,33,0.725884
46,17,0.902128,33,0.725884,60,0.624609,5,0.506045,26,0.839722,17,0.902128,57,0.65512,74,0.658964,5,0.506045,22,0.820774,23,0.87748,63,0.673479,26,0.839722,26,0.839722,41,0.696129,56,0.699507,42,0.68768,59,0.65301,26,0.839722,19,0.869142,20,0.899917,21,0.904846,24,0.857797,20,0.899917,21,0.904846,21,0.904846,20,0.899917,25,0.832971,19,0.869142,57,0.65512,16,0.88388,5,0.506045,28,0.797176,19,0.869142,25,0.832971,6,0.521209,63,0.673479,11,0.339554,96,0.641716,15,0.92212,19,0.869142,5,0.506045,24,0.857797,59,0.65301,28,0.797176,18,0.932613,37,0.760199,18,0.932613,5,0.506045,37,0.760199
47,43,0.681477,34,0.757861,63,0.673479,32,0.724231,25,0.832971,19,0.869142,59,0.65301,43,0.681477,43,0.681477,27,0.825486,24,0.857797,62,0.6771,24,0.857797,27,0.825486,56,0.699507,4,0.444846,41,0.696129,95,0.649364,58,0.829756,22,0.820774,17,0.902128,43,0.681477,25,0.832971,18,0.932613,20,0.899917,20,0.899917,22,0.820774,22,0.820774,22,0.820774,68,0.553297,20,0.899917,45,0.456972,31,0.746997,24,0.857797,30,0.691636,59,0.65301,68,0.553297,3,0.529015,95,0.649364,14,0.901296,16,0.88388,17,0.902128,22,0.820774,3,0.529015,37,0.760199,58,0.829756,40,0.741053,16,0.88388,43,0.681477,40,0.741053
48,3,0.529015,35,0.775094,68,0.553297,25,0.832971,23,0.87748,22,0.820774,62,0.6771,56,0.699507,23,0.87748,28,0.797176,25,0.832971,69,0.655095,23,0.87748,28,0.797176,43,0.681477,43,0.681477,39,0.735191,96,0.641716,32,0.724231,23,0.87748,22,0.820774,23,0.87748,26,0.839722,17,0.902128,22,0.820774,22,0.820774,58,0.829756,26,0.839722,26,0.839722,60,0.624609,19,0.869142,59,0.65301,32,0.724231,22,0.820774,38,0.73516,91,0.625649,60,0.624609,64,0.427846,97,0.394429,18,0.932613,22,0.820774,19,0.869142,25,0.832971,60,0.624609,34,0.757861,17,0.902128,71,0.669569,17,0.902128,76,0.645276,35,0.775094
49,23,0.87748,38,0.73516,62,0.6771,24,0.857797,21,0.904846,25,0.832971,68,0.553297,10,0.368919,24,0.857797,30,0.691636,22,0.820774,68,0.553297,21,0.904846,32,0.724231,45,0.456972,5,0.506045,29,0.733492,92,0.665694,33,0.725884,24,0.857797,58,0.829756,5,0.506045,27,0.825486,19,0.869142,13,0.936549,13,0.936549,30,0.691636,27,0.825486,27,0.825486,69,0.655095,22,0.820774,0,0.13848,34,0.757861,25,0.832971,35,0.775094,73,0.687847,5,0.506045,43,0.681477,59,0.65301,16,0.88388,43,0.681477,23,0.87748,26,0.839722,45,0.456972,31,0.746997,19,0.869142,68,0.553297,19,0.869142,73,0.687847,34,0.757861
50,24,0.857797,39,0.735191,45,0.456972,23,0.87748,13,0.936549,30,0.691636,60,0.624609,92,0.665694,25,0.832971,32,0.724231,26,0.839722,67,0.558344,20,0.899917,31,0.746997,59,0.65301,45,0.456972,36,0.727446,91,0.625649,38,0.73516,25,0.832971,30,0.691636,22,0.820774,28,0.797176,3,0.529015,18,0.932613,15,0.92212,29,0.733492,28,0.797176,28,0.797176,71,0.669569,58,0.829756,4,0.444846,29,0.733492,26,0.839722,37,0.760199,76,0.645276,62,0.6771,59,0.65301,60,0.624609,17,0.902128,5,0.506045,22,0.820774,27,0.825486,68,0.553297,5,0.506045,22,0.820774,88,0.64553,58,0.829756,74,0.658964,38,0.73516
51,25,0.832971,37,0.760199,69,0.655095,21,0.904846,14,0.901296,38,0.73516,45,0.456972,96,0.641716,26,0.839722,33,0.725884,27,0.825486,71,0.669569,13,0.936549,33,0.725884,60,0.624609,59,0.65301,59,0.65301,90,0.581536,68,0.553297,26,0.839722,29,0.733492,24,0.857797,22,0.820774,58,0.829756,19,0.869142,18,0.932613,36,0.727446,32,0.724231,32,0.724231,86,0.638409,32,0.724231,60,0.624609,35,0.775094,27,0.825486,40,0.741053,74,0.658964,69,0.655095,60,0.624609,63,0.673479,20,0.899917,27,0.825486,24,0.857797,28,0.797176,69,0.655095,21,0.904846,27,0.825486,60,0.624609,27,0.825486,91,0.625649,44,0.595148
52,26,0.839722,40,0.741053,67,0.558344,20,0.899917,15,0.92212,35,0.775094,10,0.368919,95,0.649364,27,0.825486,31,0.746997,28,0.797176,72,0.619629,18,0.932613,34,0.757861,63,0.673479,60,0.624609,67,0.558344,0,0.13848,42,0.68768,27,0.825486,39,0.735191,25,0.832971,32,0.724231,25,0.832971,15,0.92212,14,0.901296,42,0.68768,33,0.725884,33,0.725884,88,0.64553,33,0.725884,63,0.673479,37,0.760199,28,0.797176,41,0.696129,72,0.619629,67,0.558344,63,0.673479,68,0.553297,19,0.869142,28,0.797176,25,0.832971,30,0.691636,67,0.558344,20,0.899917,28,0.797176,86,0.638409,28,0.797176,90,0.581536,39,0.735191
53,5,0.506045,44,0.595148,71,0.669569,18,0.932613,20,0.899917,37,0.760199,71,0.669569,91,0.625649,28,0.797176,42,0.68768,30,0.691636,45,0.456972,17,0.902128,35,0.775094,71,0.669569,63,0.673479,88,0.64553,4,0.444846,39,0.735191,28,0.797176,36,0.727446,26,0.839722,33,0.725884,22,0.820774,14,0.901296,17,0.902128,41,0.696129,31,0.746997,31,0.746997,72,0.619629,31,0.746997,71,0.669569,40,0.741053,32,0.724231,68,0.553297,63,0.673479,71,0.669569,71,0.669569,62,0.6771,58,0.829756,33,0.725884,26,0.839722,59,0.65301,71,0.669569,22,0.820774,31,0.746997,72,0.619629,33,0.725884,59,0.65301,29,0.733492
54,27,0.825486,29,0.733492,72,0.619629,19,0.869142,18,0.932613,40,0.741053,72,0.619629,73,0.687847,32,0.724231,34,0.757861,32,0.724231,60,0.624609,15,0.92212,37,0.760199,68,0.553297,69,0.655095,72,0.619629,5,0.506045,29,0.733492,3,0.529015,42,0.68768,27,0.825486,31,0.746997,27,0.825486,17,0.902128,16,0.88388,56,0.699507,29,0.733492,34,0.757861,76,0.645276,34,0.757861,88,0.64553,38,0.73516,33,0.725884,67,0.558344,68,0.553297,72,0.619629,69,0.655095,93,0.0,22,0.820774,31,0.746997,27,0.825486,32,0.724231,72,0.619629,13,0.936549,33,0.725884,4,0.444846,31,0.746997,63,0.673479,42,0.68768
55,28,0.797176,57,0.65512,88,0.64553,17,0.902128,16,0.88388,41,0.696129,69,0.655095,76,0.645276,33,0.725884,29,0.733492,33,0.725884,5,0.506045,14,0.901296,40,0.741053,88,0.64553,68,0.553297,5,0.506045,74,0.658964,36,0.727446,32,0.724231,41,0.696129,28,0.797176,34,0.757861,30,0.691636,16,0.88388,19,0.869142,55,0.420117,36,0.727446,35,0.775094,89,0.528122,29,0.733492,72,0.619629,44,0.595148,31,0.746997,80,0.47378,60,0.624609,76,0.645276,68,0.553297,71,0.669569,30,0.691636,34,0.757861,28,0.797176,31,0.746997,76,0.645276,15,0.92212,34,0.757861,62,0.6771,34,0.757861,71,0.669569,36,0.727446
56,32,0.724231,36,0.727446,86,0.638409,13,0.936549,24,0.857797,88,0.64553,67,0.558344,90,0.581536,31,0.746997,36,0.727446,31,0.746997,76,0.645276,16,0.88388,38,0.73516,86,0.638409,62,0.6771,62,0.6771,73,0.687847,1,0.55386,33,0.725884,56,0.699507,32,0.724231,35,0.775094,34,0.757861,23,0.87748,58,0.829756,3,0.529015,42,0.68768,40,0.741053,73,0.687847,35,0.775094,86,0.638409,39,0.735191,34,0.757861,64,0.427846,62,0.6771,73,0.687847,62,0.6771,72,0.619629,36,0.727446,29,0.733492,32,0.724231,33,0.725884,73,0.687847,14,0.901296,35,0.775094,76,0.645276,35,0.775094,68,0.553297,57,0.65512
57,33,0.725884,42,0.68768,76,0.645276,15,0.92212,19,0.869142,92,0.665694,3,0.529015,45,0.456972,34,0.757861,39,0.735191,34,0.757861,73,0.687847,19,0.869142,44,0.595148,69,0.655095,71,0.669569,45,0.456972,76,0.645276,41,0.696129,31,0.746997,67,0.558344,33,0.725884,38,0.73516,29,0.733492,30,0.691636,30,0.691636,43,0.681477,34,0.757861,37,0.760199,74,0.658964,37,0.760199,62,0.6771,33,0.725884,29,0.733492,43,0.681477,0,0.13848,74,0.658964,72,0.619629,69,0.655095,41,0.696129,36,0.727446,33,0.725884,34,0.757861,74,0.658964,18,0.932613,37,0.760199,73,0.687847,37,0.760199,69,0.655095,41,0.696129
58,31,0.746997,60,0.624609,73,0.687847,14,0.901296,17,0.902128,96,0.641716,88,0.64553,59,0.65301,37,0.760199,35,0.775094,35,0.775094,74,0.658964,22,0.820774,39,0.735191,72,0.619629,72,0.619629,63,0.673479,72,0.619629,6,0.521209,34,0.757861,3,0.529015,31,0.746997,37,0.760199,36,0.727446,58,0.829756,29,0.733492,60,0.624609,39,0.735191,38,0.73516,91,0.625649,40,0.741053,76,0.645276,57,0.65512,35,0.775094,91,0.625649,4,0.444846,91,0.625649,67,0.558344,56,0.699507,92,0.665694,57,0.65512,31,0.746997,35,0.775094,91,0.625649,16,0.88388,40,0.741053,74,0.658964,40,0.741053,60,0.624609,0,0.13848
59,34,0.757861,3,0.529015,74,0.658964,16,0.88388,30,0.691636,91,0.625649,86,0.638409,60,0.624609,40,0.741053,38,0.73516,38,0.73516,78,0.590437,25,0.832971,29,0.733492,62,0.6771,73,0.687847,76,0.645276,71,0.669569,43,0.681477,35,0.775094,43,0.681477,34,0.757861,40,0.741053,38,0.73516,34,0.757861,36,0.727446,92,0.665694,35,0.775094,44,0.595148,90,0.581536,38,0.73516,73,0.687847,36,0.727446,38,0.73516,92,0.665694,71,0.669569,92,0.665694,76,0.645276,5,0.506045,56,0.699507,42,0.68768,34,0.757861,37,0.760199,92,0.665694,58,0.829756,38,0.73516,91,0.625649,38,0.73516,88,0.64553,78,0.590437
60,37,0.760199,91,0.625649,91,0.625649,22,0.820774,58,0.829756,86,0.638409,76,0.645276,63,0.673479,35,0.775094,37,0.760199,37,0.760199,91,0.625649,58,0.829756,57,0.65512,76,0.645276,76,0.645276,73,0.687847,68,0.553297,60,0.624609,38,0.73516,55,0.420117,42,0.68768,44,0.595148,35,0.775094,29,0.733492,42,0.68768,96,0.641716,38,0.73516,29,0.733492,12,0.0,44,0.595148,69,0.655095,42,0.68768,37,0.760199,78,0.590437,69,0.655095,96,0.641716,73,0.687847,92,0.665694,10,0.368919,38,0.73516,29,0.733492,40,0.741053,96,0.641716,17,0.902128,29,0.733492,92,0.665694,44,0.595148,86,0.638409,12,0.0
61,40,0.741053,89,0.528122,90,0.581536,58,0.829756,5,0.506045,95,0.649364,73,0.687847,72,0.619629,38,0.73516,40,0.741053,40,0.741053,92,0.665694,30,0.691636,36,0.727446,73,0.687847,74,0.658964,91,0.625649,69,0.655095,64,0.427846,37,0.760199,4,0.444846,38,0.73516,39,0.735191,39,0.735191,35,0.775094,41,0.696129,91,0.625649,37,0.760199,39,0.735191,62,0.6771,39,0.735191,74,0.658964,1,0.55386,40,0.741053,90,0.581536,92,0.665694,95,0.649364,74,0.658964,74,0.658964,96,0.641716,35,0.775094,38,0.73516,38,0.73516,95,0.649364,19,0.869142,44,0.595148,96,0.641716,39,0.735191,89,0.528122,3,0.529015
62,35,0.775094,92,0.665694,89,0.528122,30,0.691636,22,0.820774,78,0.590437,74,0.658964,71,0.669569,44,0.595148,57,0.65512,44,0.595148,96,0.641716,41,0.696129,42,0.68768,74,0.658964,91,0.625649,90,0.581536,63,0.673479,91,0.625649,40,0.741053,70,0.231671,35,0.775094,29,0.733492,37,0.760199,38,0.73516,56,0.699507,95,0.649364,40,0.741053,36,0.727446,45,0.456972,57,0.65512,91,0.625649,43,0.681477,39,0.735191,95,0.649364,95,0.649364,78,0.590437,70,0.231671,73,0.687847,95,0.649364,37,0.760199,35,0.775094,44,0.595148,78,0.590437,33,0.725884,39,0.735191,95,0.649364,29,0.733492,92,0.665694,45,0.456972
63,38,0.73516,96,0.641716,92,0.665694,40,0.741053,32,0.724231,43,0.681477,91,0.625649,69,0.655095,42,0.68768,68,0.553297,57,0.65512,95,0.649364,43,0.681477,68,0.553297,91,0.625649,92,0.665694,74,0.658964,62,0.6771,92,0.665694,44,0.595148,91,0.625649,37,0.760199,36,0.727446,40,0.741053,37,0.760199,3,0.529015,78,0.590437,6,0.521209,42,0.68768,92,0.665694,36,0.727446,89,0.528122,68,0.553297,44,0.595148,96,0.641716,96,0.641716,90,0.581536,91,0.625649,76,0.645276,88,0.64553,40,0.741053,39,0.735191,29,0.733492,90,0.581536,35,0.775094,57,0.65512,75,0.644678,36,0.727446,95,0.649364,96,0.641716
64,44,0.595148,95,0.649364,96,0.641716,41,0.696129,35,0.775094,60,0.624609,92,0.665694,62,0.6771,39,0.735191,97,0.394429,29,0.733492,90,0.581536,3,0.529015,89,0.528122,92,0.665694,96,0.641716,46,0.0,60,0.624609,97,0.394429,57,0.65512,90,0.581536,40,0.741053,42,0.68768,44,0.595148,40,0.741053,11,0.339554,90,0.581536,57,0.65512,57,0.65512,96,0.641716,42,0.68768,92,0.665694,60,0.624609,57,0.65512,89,0.528122,78,0.590437,75,0.644678,92,0.665694,91,0.625649,75,0.644678,39,0.735191,37,0.760199,39,0.735191,75,0.644678,38,0.73516,36,0.727446,97,0.394429,42,0.68768,96,0.641716,97,0.394429
65,57,0.65512,90,0.581536,95,0.649364,3,0.529015,38,0.73516,89,0.528122,96,0.641716,67,0.558344,29,0.733492,43,0.681477,39,0.735191,75,0.644678,67,0.558344,43,0.681477,90,0.581536,95,0.649364,1,0.55386,67,0.558344,90,0.581536,39,0.735191,92,0.665694,44,0.595148,57,0.65512,41,0.696129,39,0.735191,70,0.231671,89,0.528122,10,0.368919,97,0.394429,95,0.649364,89,0.528122,90,0.581536,97,0.394429,36,0.727446,75,0.644678,5,0.506045,97,0.394429,90,0.581536,90,0.581536,43,0.681477,44,0.595148,40,0.741053,57,0.65512,97,0.394429,40,0.741053,42,0.68768,90,0.581536,57,0.65512,78,0.590437,95,0.649364
66,42,0.68768,84,0.397736,78,0.590437,56,0.699507,43,0.681477,90,0.581536,95,0.649364,64,0.427846,36,0.727446,60,0.624609,36,0.727446,97,0.394429,56,0.699507,60,0.624609,96,0.641716,78,0.590437,56,0.699507,75,0.644678,89,0.528122,29,0.733492,96,0.641716,39,0.735191,43,0.681477,4,0.444846,44,0.595148,43,0.681477,88,0.64553,43,0.681477,43,0.681477,78,0.590437,43,0.681477,96,0.641716,78,0.590437,42,0.68768,88,0.64553,67,0.558344,4,0.444846,96,0.641716,89,0.528122,60,0.624609,68,0.553297,44,0.595148,36,0.727446,1,0.55386,44,0.595148,84,0.397736,69,0.655095,97,0.394429,67,0.558344,92,0.665694
67,29,0.733492,88,0.64553,97,0.394429,60,0.624609,37,0.760199,67,0.558344,78,0.590437,4,0.444846,97,0.394429,6,0.521209,42,0.68768,89,0.528122,88,0.64553,97,0.394429,95,0.649364,90,0.581536,4,0.444846,97,0.394429,5,0.506045,36,0.727446,95,0.649364,29,0.733492,97,0.394429,43,0.681477,41,0.696129,60,0.624609,86,0.638409,89,0.528122,60,0.624609,97,0.394429,68,0.553297,75,0.644678,56,0.699507,3,0.529015,86,0.638409,75,0.644678,0,0.13848,95,0.649364,4,0.444846,68,0.553297,45,0.456972,57,0.65512,42,0.68768,88,0.64553,29,0.733492,43,0.681477,67,0.558344,43,0.681477,62,0.6771,91,0.625649
68,39,0.735191,86,0.638409,5,0.506045,43,0.681477,40,0.741053,4,0.444846,90,0.581536,97,0.394429,57,0.65512,49,0.368797,97,0.394429,88,0.64553,86,0.638409,78,0.590437,75,0.644678,97,0.394429,92,0.665694,89,0.528122,56,0.699507,42,0.68768,75,0.644678,36,0.727446,60,0.624609,56,0.699507,68,0.553297,68,0.553297,51,0.246653,5,0.506045,56,0.699507,56,0.699507,60,0.624609,95,0.649364,55,0.420117,60,0.624609,65,0.557771,88,0.64553,89,0.528122,75,0.644678,88,0.64553,4,0.444846,60,0.624609,36,0.727446,60,0.624609,86,0.638409,39,0.735191,60,0.624609,5,0.506045,60,0.624609,75,0.644678,90,0.581536
69,36,0.727446,51,0.246653,56,0.699507,68,0.553297,44,0.595148,97,0.394429,75,0.644678,88,0.64553,60,0.624609,56,0.699507,60,0.624609,86,0.638409,4,0.444846,5,0.506045,78,0.590437,80,0.47378,96,0.641716,88,0.64553,4,0.444846,60,0.624609,78,0.590437,57,0.65512,5,0.506045,5,0.506045,1,0.55386,84,0.397736,97,0.394429,60,0.624609,4,0.444846,3,0.529015,4,0.444846,78,0.590437,3,0.529015,89,0.528122,3,0.529015,86,0.638409,65,0.557771,78,0.590437,86,0.638409,3,0.529015,89,0.528122,42,0.68768,97,0.394429,0,0.13848,36,0.727446,97,0.394429,56,0.699507,56,0.699507,97,0.394429,89,0.528122
70,60,0.624609,12,0.0,75,0.644678,4,0.444846,41,0.696129,80,0.47378,97,0.394429,86,0.638409,3,0.529015,3,0.529015,6,0.521209,65,0.557771,47,0.0,56,0.699507,67,0.558344,75,0.644678,75,0.644678,86,0.638409,96,0.641716,51,0.246653,88,0.64553,60,0.624609,56,0.699507,51,0.246653,97,0.394429,67,0.558344,47,0.0,84,0.397736,51,0.246653,47,0.0,97,0.394429,67,0.558344,4,0.444846,56,0.699507,56,0.699507,65,0.557771,88,0.64553,89,0.528122,51,0.246653,97,0.394429,78,0.590437,60,0.624609,51,0.246653,4,0.444846,42,0.68768,56,0.699507,51,0.246653,3,0.529015,1,0.55386,56,0.699507
71,97,0.394429,56,0.699507,48,0.276438,87,0.218576,68,0.553297,51,0.246653,89,0.528122,89,0.528122,82,0.05735,4,0.444846,56,0.699507,56,0.699507,0,0.13848,51,0.246653,51,0.246653,89,0.528122,97,0.394429,65,0.557771,95,0.649364,6,0.521209,86,0.638409,45,0.456972,0,0.13848,64,0.427846,43,0.681477,78,0.590437,1,0.55386,56,0.699507,65,0.557771,75,0.644678,5,0.506045,56,0.699507,51,0.246653,4,0.444846,51,0.246653,64,0.427846,86,0.638409,88,0.64553,67,0.558344,51,0.246653,4,0.444846,89,0.528122,56,0.699507,56,0.699507,57,0.65512,5,0.506045,1,0.55386,4,0.444846,0,0.13848,88,0.64553
72,84,0.397736,4,0.444846,55,0.420117,1,0.55386,60,0.624609,70,0.231671,56,0.699507,0,0.13848,56,0.699507,47,0.0,5,0.506045,49,0.368797,49,0.368797,64,0.427846,48,0.276438,88,0.64553,95,0.649364,64,0.427846,88,0.64553,56,0.699507,97,0.394429,97,0.394429,48,0.276438,70,0.231671,3,0.529015,4,0.444846,65,0.557771,4,0.444846,81,0.544579,65,0.557771,56,0.699507,97,0.394429,64,0.427846,51,0.246653,84,0.397736,56,0.699507,64,0.427846,86,0.638409,64,0.427846,65,0.557771,97,0.394429,3,0.529015,5,0.506045,49,0.368797,43,0.681477,51,0.246653,0,0.13848,84,0.397736,64,0.427846,86,0.638409
73,56,0.699507,49,0.368797,49,0.368797,81,0.544579,55,0.420117,64,0.427846,4,0.444846,51,0.246653,84,0.397736,65,0.557771,4,0.444846,80,0.47378,87,0.218576,81,0.544579,65,0.557771,86,0.638409,78,0.590437,56,0.699507,86,0.638409,4,0.444846,1,0.55386,65,0.557771,65,0.557771,6,0.521209,56,0.699507,97,0.394429,70,0.231671,49,0.368797,82,0.05735,1,0.55386,65,0.557771,51,0.246653,0,0.13848,81,0.544579,47,0.0,51,0.246653,51,0.246653,84,0.397736,0,0.13848,81,0.544579,56,0.699507,56,0.699507,4,0.444846,65,0.557771,60,0.624609,70,0.231671,65,0.557771,49,0.368797,51,0.246653,64,0.427846
74,89,0.528122,1,0.55386,84,0.397736,65,0.557771,3,0.529015,6,0.521209,80,0.47378,81,0.544579,65,0.557771,51,0.246653,47,0.0,51,0.246653,65,0.557771,6,0.521209,81,0.544579,82,0.05735,64,0.427846,55,0.420117,0,0.13848,65,0.557771,0,0.13848,6,0.521209,81,0.544579,1,0.55386,4,0.444846,87,0.218576,6,0.521209,65,0.557771,70,0.231671,64,0.427846,70,0.231671,6,0.521209,87,0.218576,47,0.0,4,0.444846,47,0.0,56,0.699507,97,0.394429,81,0.544579,47,0.0,65,0.557771,51,0.246653,0,0.13848,51,0.246653,56,0.699507,4,0.444846,64,0.427846,65,0.557771,65,0.557771,6,0.521209
75,65,0.557771,0,0.13848,2,0.23795,70,0.231671,97,0.394429,10,0.368919,81,0.544579,80,0.47378,51,0.246653,81,0.544579,51,0.246653,81,0.544579,6,0.521209,1,0.55386,80,0.47378,65,0.557771,0,0.13848,11,0.339554,87,0.218576,1,0.55386,10,0.368919,56,0.699507,70,0.231671,0,0.13848,84,0.397736,6,0.521209,0,0.13848,51,0.246653,49,0.368797,0,0.13848,1,0.55386,48,0.276438,46,0.0,1,0.55386,6,0.521209,49,0.368797,49,0.368797,51,0.246653,65,0.557771,49,0.368797,81,0.544579,65,0.557771,81,0.544579,81,0.544579,55,0.420117,87,0.218576,55,0.420117,47,0.0,55,0.420117,55,0.420117
76,1,0.55386,87,0.218576,65,0.557771,6,0.521209,4,0.444846,87,0.218576,51,0.246653,82,0.05735,6,0.521209,11,0.339554,1,0.55386,82,0.05735,10,0.368919,0,0.13848,6,0.521209,49,0.368797,49,0.368797,81,0.544579,70,0.231671,0,0.13848,49,0.368797,11,0.339554,82,0.05735,82,0.05735,70,0.231671,55,0.420117,10,0.368919,55,0.420117,1,0.55386,55,0.420117,0,0.13848,55,0.420117,49,0.368797,0,0.13848,87,0.218576,81,0.544579,81,0.544579,6,0.521209,70,0.231671,87,0.218576,64,0.427846,47,0.0,47,0.0,80,0.47378,97,0.394429,6,0.521209,11,0.339554,10,0.368919,49,0.368797,51,0.246653
77,51,0.246653,93,0.0,64,0.427846,0,0.13848,51,0.246653,77,0.606331,82,0.05735,55,0.420117,55,0.420117,64,0.427846,0,0.13848,77,0.606331,11,0.339554,11,0.339554,10,0.368919,51,0.246653,55,0.420117,80,0.47378,77,0.606331,82,0.05735,87,0.218576,1,0.55386,55,0.420117,87,0.218576,6,0.521209,12,0.0,81,0.544579,98,0.0,0,0.13848,11,0.339554,49,0.368797,11,0.339554,8,0.0,82,0.05735,55,0.420117,80,0.47378,80,0.47378,4,0.444846,55,0.420117,1,0.55386,82,0.05735,6,0.521209,55,0.420117,48,0.276438,6,0.521209,1,0.55386,87,0.218576,51,0.246653,81,0.544579,1,0.55386
78,0,0.13848,55,0.420117,77,0.606331,10,0.368919,11,0.339554,84,0.397736,55,0.420117,48,0.276438,1,0.55386,77,0.606331,55,0.420117,84,0.397736,93,0.0,49,0.368797,77,0.606331,64,0.427846,10,0.368919,82,0.05735,84,0.397736,55,0.420117,6,0.521209,84,0.397736,6,0.521209,49,0.368797,55,0.420117,49,0.368797,80,0.47378,11,0.339554,11,0.339554,87,0.218576,87,0.218576,81,0.544579,10,0.368919,99,0.0,81,0.544579,82,0.05735,85,0.0,48,0.276438,49,0.368797,55,0.420117,55,0.420117,1,0.55386,82,0.05735,82,0.05735,4,0.444846,0,0.13848,49,0.368797,1,0.55386,80,0.47378,11,0.339554
79,81,0.544579,98,0.0,80,0.47378,49,0.368797,1,0.55386,11,0.339554,48,0.276438,6,0.521209,0,0.13848,84,0.397736,81,0.544579,55,0.420117,81,0.544579,87,0.218576,84,0.397736,77,0.606331,47,0.0,77,0.606331,55,0.420117,11,0.339554,11,0.339554,4,0.444846,11,0.339554,93,0.0,87,0.218576,83,0.085345,82,0.05735,2,0.23795,99,0.0,49,0.368797,55,0.420117,80,0.47378,94,0.0,10,0.368919,82,0.05735,55,0.420117,82,0.05735,87,0.218576,6,0.521209,0,0.13848,1,0.55386,0,0.13848,11,0.339554,55,0.420117,51,0.246653,93,0.0,93,0.0,0,0.13848,82,0.05735,87,0.218576
80,10,0.368919,65,0.557771,11,0.339554,11,0.339554,0,0.13848,82,0.05735,77,0.606331,85,0.0,11,0.339554,10,0.368919,82,0.05735,11,0.339554,80,0.47378,82,0.05735,82,0.05735,84,0.397736,11,0.339554,84,0.397736,10,0.368919,77,0.606331,81,0.544579,0,0.13848,77,0.606331,10,0.368919,10,0.368919,1,0.55386,49,0.368797,87,0.218576,77,0.606331,81,0.544579,77,0.606331,82,0.05735,47,0.0,70,0.231671,10,0.368919,87,0.218576,93,0.0,55,0.420117,77,0.606331,82,0.05735,11,0.339554,87,0.218576,49,0.368797,11,0.339554,11,0.339554,46,0.0,70,0.231671,70,0.231671,11,0.339554,10,0.368919
81,93,0.0,11,0.339554,99,0.0,77,0.606331,82,0.05735,1,0.55386,84,0.397736,11,0.339554,49,0.368797,82,0.05735,87,0.218576,10,0.368919,77,0.606331,10,0.368919,11,0.339554,11,0.339554,81,0.544579,93,0.0,47,0.0,84,0.397736,80,0.47378,55,0.420117,84,0.397736,77,0.606331,51,0.246653,0,0.13848,87,0.218576,81,0.544579,84,0.397736,80,0.47378,84,0.397736,77,0.606331,6,0.521209,11,0.339554,70,0.231671,2,0.23795,55,0.420117,81,0.544579,84,0.397736,93,0.0,52,0.225159,49,0.368797,87,0.218576,70,0.231671,10,0.368919,11,0.339554,77,0.606331,11,0.339554,54,0.0,84,0.397736
82,82,0.05735,8,0.0,51,0.246653,82,0.05735,10,0.368919,93,0.0,11,0.339554,2,0.23795,93,0.0,1,0.55386,10,0.368919,93,0.0,82,0.05735,98,0.0,49,0.368797,10,0.368919,80,0.47378,99,0.0,49,0.368797,49,0.368797,82,0.05735,48,0.276438,49,0.368797,84,0.397736,81,0.544579,81,0.544579,11,0.339554,82,0.05735,93,0.0,82,0.05735,93,0.0,84,0.397736,11,0.339554,93,0.0,1,0.55386,93,0.0,98,0.0,82,0.05735,82,0.05735,11,0.339554,54,0.0,10,0.368919,77,0.606331,77,0.606331,1,0.55386,49,0.368797,80,0.47378,81,0.544579,77,0.606331,77,0.606331
83,49,0.368797,81,0.544579,93,0.0,93,0.0,87,0.218576,94,0.0,93,0.0,77,0.606331,8,0.0,93,0.0,11,0.339554,79,0.0,99,0.0,77,0.606331,54,0.0,12,0.0,82,0.05735,94,0.0,81,0.544579,87,0.218576,51,0.246653,10,0.368919,93,0.0,47,0.0,82,0.05735,82,0.05735,77,0.606331,93,0.0,54,0.0,77,0.606331,46,0.0,10,0.368919,77,0.606331,77,0.606331,93,0.0,10,0.368919,10,0.368919,10,0.368919,10,0.368919,77,0.606331,77,0.606331,93,0.0,84,0.397736,93,0.0,93,0.0,47,0.0,84,0.397736,82,0.05735,84,0.397736,80,0.47378
84,94,0.0,82,0.05735,54,0.0,94,0.0,93,0.0,54,0.0,1,0.55386,70,0.231671,99,0.0,70,0.231671,93,0.0,1,0.55386,54,0.0,84,0.397736,99,0.0,85,0.0,77,0.606331,2,0.23795,94,0.0,98,0.0,77,0.606331,82,0.05735,46,0.0,99,0.0,11,0.339554,10,0.368919,84,0.397736,1,0.55386,8,0.0,70,0.231671,99,0.0,87,0.218576,84,0.397736,84,0.397736,94,0.0,77,0.606331,99,0.0,47,0.0,94,0.0,70,0.231671,84,0.397736,70,0.231671,10,0.368919,10,0.368919,48,0.276438,8,0.0,81,0.544579,93,0.0,87,0.218576,81,0.544579
85,99,0.0,94,0.0,85,0.0,85,0.0,48,0.276438,48,0.276438,85,0.0,94,0.0,52,0.225159,94,0.0,54,0.0,85,0.0,94,0.0,94,0.0,87,0.218576,93,0.0,84,0.397736,8,0.0,99,0.0,99,0.0,84,0.397736,8,0.0,94,0.0,94,0.0,0,0.13848,94,0.0,85,0.0,94,0.0,94,0.0,10,0.368919,54,0.0,52,0.225159,99,0.0,94,0.0,8,0.0,84,0.397736,77,0.606331,49,0.368797,85,0.0,8,0.0,87,0.218576,98,0.0,93,0.0,94,0.0,8,0.0,94,0.0,99,0.0,94,0.0,99,0.0,93,0.0
86,8,0.0,46,0.0,1,0.55386,52,0.225159,2,0.23795,2,0.23795,94,0.0,47,0.0,2,0.23795,99,0.0,99,0.0,94,0.0,8,0.0,85,0.0,8,0.0,1,0.55386,52,0.225159,52,0.225159,54,0.0,2,0.23795,99,0.0,2,0.23795,47,0.0,8,0.0,93,0.0,54,0.0,54,0.0,8,0.0,87,0.218576,93,0.0,8,0.0,98,0.0,54,0.0,54,0.0,46,0.0,99,0.0,84,0.397736,99,0.0,54,0.0,94,0.0,49,0.368797,8,0.0,46,0.0,85,0.0,99,0.0,81,0.544579,8,0.0,99,0.0,93,0.0,52,0.225159
87,48,0.276438,99,0.0,81,0.544579,48,0.276438,52,0.225159,99,0.0,53,0.0,8,0.0,46,0.0,54,0.0,94,0.0,46,0.0,52,0.225159,99,0.0,94,0.0,94,0.0,94,0.0,46,0.0,46,0.0,46,0.0,54,0.0,52,0.225159,52,0.225159,52,0.225159,47,0.0,8,0.0,99,0.0,46,0.0,47,0.0,94,0.0,48,0.276438,94,0.0,2,0.23795,8,0.0,99,0.0,46,0.0,94,0.0,94,0.0,8,0.0,99,0.0,8,0.0,46,0.0,99,0.0,99,0.0,52,0.225159,54,0.0,54,0.0,48,0.276438,8,0.0,48,0.276438
88,2,0.23795,48,0.276438,83,0.085345,46,0.0,94,0.0,52,0.225159,2,0.23795,99,0.0,53,0.0,46,0.0,52,0.225159,52,0.225159,2,0.23795,52,0.225159,52,0.225159,98,0.0,48,0.276438,79,0.0,52,0.225159,52,0.225159,85,0.0,94,0.0,99,0.0,54,0.0,94,0.0,46,0.0,46,0.0,52,0.225159,46,0.0,99,0.0,52,0.225159,53,0.0,85,0.0,52,0.225159,48,0.276438,8,0.0,47,0.0,1,0.55386,87,0.218576,46,0.0,53,0.0,52,0.225159,52,0.225159,47,0.0,2,0.23795,85,0.0,52,0.225159,87,0.218576,2,0.23795,2,0.23795
89,9,0.142527,52,0.225159,53,0.0,99,0.0,47,0.0,9,0.142527,9,0.142527,52,0.225159,9,0.142527,52,0.225159,70,0.231671,99,0.0,48,0.276438,48,0.276438,47,0.0,2,0.23795,70,0.231671,48,0.276438,2,0.23795,9,0.142527,79,0.0,47,0.0,2,0.23795,2,0.23795,54,0.0,52,0.225159,8,0.0,9,0.142527,2,0.23795,54,0.0,85,0.0,70,0.231671,52,0.225159,46,0.0,52,0.225159,9,0.142527,52,0.225159,54,0.0,52,0.225159,52,0.225159,2,0.23795,2,0.23795,48,0.276438,87,0.218576,46,0.0,83,0.085345,2,0.23795,8,0.0,46,0.0,70,0.231671
