,seed_45,seed_45,seed_359,seed_359,seed_6185,seed_6185,seed_102,seed_102,seed_421,seed_421,seed_123,seed_123,seed_5676,seed_5676,seed_368,seed_368,seed_945,seed_945,seed_909,seed_909,seed_604,seed_604,seed_31,seed_31,seed_7736,seed_7736,seed_766,seed_766,seed_824,seed_824,seed_8623,seed_8623,seed_788,seed_788,seed_781,seed_781,seed_118,seed_118,seed_1946,seed_1946,seed_135,seed_135,seed_169,seed_169,seed_577,seed_577,seed_369,seed_369,seed_9342,seed_9342,seed_980,seed_980,seed_310,seed_310,seed_690,seed_690,seed_288,seed_288,seed_715,seed_715,seed_2672,seed_2672,seed_184,seed_184,seed_148,seed_148,seed_262,seed_262,seed_931,seed_931,seed_404,seed_404,seed_849,seed_849,seed_177,seed_177,seed_340,seed_340,seed_8,seed_8,seed_3794,seed_3794,seed_759,seed_759,seed_245,seed_245,seed_412,seed_412,seed_479,seed_479,seed_764,seed_764,seed_753,seed_753,seed_882,seed_882,seed_362,seed_362,seed_4143,seed_4143
,x_index,y_value,x_index,y_value,x_index,y_value,x_index,y_value,x_index,y_value,x_index,y_value,x_index,y_value,x_index,y_value,x_index,y_value,x_index,y_value,x_index,y_value,x_index,y_value,x_index,y_value,x_index,y_value,x_index,y_value,x_index,y_value,x_index,y_value,x_index,y_value,x_index,y_value,x_index,y_value,x_index,y_value,x_index,y_value,x_index,y_value,x_index,y_value,x_index,y_value,x_index,y_value,x_index,y_value,x_index,y_value,x_index,y_value,x_index,y_value,x_index,y_value,x_index,y_value,x_index,y_value,x_index,y_value,x_index,y_value,x_index,y_value,x_index,y_value,x_index,y_value,x_index,y_value,x_index,y_value,x_index,y_value,x_index,y_value,x_index,y_value,x_index,y_value,x_index,y_value,x_index,y_value,x_index,y_value,x_index,y_value,x_index,y_value,x_index,y_value
iteration,,,,,,,,,,,,,,,,,,,,,,,,,,,,,,,,,,,,,,,,,,,,,,,,,,,,,,,,,,,,,,,,,,,,,,,,,,,,,,,,,,,,,,,,,,,,,,,,,,,,
0,51,1.2586548252420708e-06,3,1.054848982545414e-06,37,2.0412183215674108e-06,64,3.330624425467287e-06,66,8.51246032661459e-07,2,8.853506342651944e-07,49,2.2879002109443992e-06,2,8.853506342651944e-07,38,2.254064642065805e-06,33,3.344459234386392e-06,2,8.853506342651944e-07,37,2.0412183215674108e-06,64,3.330624425467287e-06,33,3.344459234386392e-06,1,7.746851485884849e-07,58,263021.5,35,452558.0,37,489903.5,36,876981.0,52,701140.0,38,443643.0,66,1174748.5,2,1129496.0,2,1129496.0,1,1290847.0,38,443643.0,66,1174748.5,37,489903.5,78,438902.99999999994,85,374938.0,3,948003.0,38,443643.0,53,383479.00000000006,0,1452513.142857143,38,443643.0,37,489903.5,66,1174748.5,64,300244.0,2,1129496.0,70,269180.0,44,449878.0,20,284939.0,66,1174748.5,1,1290847.0,3,948003.0,74,548909.0,77,489801.0,45,375241.0,66,1174748.5,66,1174748.5
1,49,2.2879002109443992e-06,74,1.8217955981774756e-06,44,2.2228248547383958e-06,36,1.1402755589915859e-06,33,3.344459234386392e-06,66,8.51246032661459e-07,49,2.2879002109443992e-06,49,2.2879002109443992e-06,74,1.8217955981774756e-06,2,8.853506342651944e-07,73,2.0999712303941437e-06,49,2.2879002109443992e-06,1,7.746851485884849e-07,67,1.2195657370323576e-06,58,3.8019705613419434e-06,37,489903.5,2,1129496.0,49,437082.00000000006,64,300244.0,49,437082.00000000006,38,443643.0,33,299002.0,56,343647.0,67,819964.0,64,300244.0,80,263555.0,5,329055.5,49,437082.00000000006,3,948003.0,2,1129496.0,36,876981.0,2,1129496.0,66,1174748.5,64,300244.0,84,420011.0,8,339668.0,5,329055.5,1,1290847.0,69,318600.0,2,1129496.0,66,1174748.5,66,1174748.5,64,300244.0,64,300244.0,36,876981.0,2,1129496.0,37,489903.5,67,819964.0,3,948003.0,44,449878.0
2,76,3.489634042078007e-06,51,1.2586548252420708e-06,66,8.51246032661459e-07,64,3.330624425467287e-06,36,1.1402755589915859e-06,64,3.330624425467287e-06,78,2.278407757522733e-06,2,8.853506342651944e-07,38,2.254064642065805e-06,64,3.330624425467287e-06,67,1.2195657370323576e-06,80,3.7942744398702357e-06,56,2.909962839774536e-06,2,8.853506342651944e-07,77,2.041645484594764e-06,3,948003.0,91,482217.99999999994,76,286563.0,66,1174748.5,67,819964.0,1,1290847.0,37,489903.5,66,1174748.5,67,819964.0,66,1174748.5,45,375241.0,36,876981.0,76,286563.0,49,437082.00000000006,52,701140.0,68,328254.5,78,438902.99999999994,73,476196.99999999994,66,1174748.5,45,375241.0,37,489903.5,37,489903.5,33,299002.0,45,375241.0,66,1174748.5,68,328254.5,69,318600.0,66,1174748.5,66,1174748.5,70,269180.0,35,452558.0,33,299002.0,2,1129496.0,1,1290847.0,45,375241.0
3,2,8.853506342651944e-07,67,1.2195657370323576e-06,38,2.254064642065805e-06,77,2.041645484594764e-06,64,3.330624425467287e-06,37,2.0412183215674108e-06,2,8.853506342651944e-07,89,2.4700811421655203e-06,36,1.1402755589915859e-06,66,8.51246032661459e-07,35,2.2096615240477464e-06,2,8.853506342651944e-07,77,2.041645484594764e-06,78,2.278407757522733e-06,38,2.254064642065805e-06,66,1174748.5,38,443643.0,1,1290847.0,64,300244.0,35,452558.0,92,349707.0,70,269180.0,55,416405.00000000006,38,443643.0,44,449878.0,35,452558.0,70,269180.0,37,489903.5,37,489903.5,49,437082.00000000006,37,489903.5,2,1129496.0,36,876981.0,33,299002.0,38,443643.0,67,819964.0,76,286563.0,77,489801.0,35,452558.0,51,794499.0,37,489903.5,1,1290847.0,55,416405.00000000006,33,299002.0,66,1174748.5,67,819964.0,45,375241.0,67,819964.0,55,416405.00000000006,55,416405.00000000006
4,37,2.0412183215674108e-06,38,2.254064642065805e-06,52,1.4262486807199704e-06,37,2.0412183215674108e-06,74,1.8217955981774756e-06,3,1.054848982545414e-06,37,2.0412183215674108e-06,69,3.1387319522912743e-06,2,8.853506342651944e-07,67,1.2195657370323576e-06,6,3.6675713342624513e-06,36,1.1402755589915859e-06,37,2.0412183215674108e-06,72,3.3877347064951345e-06,51,1.2586548252420708e-06,66,1174748.5,36,876981.0,51,794499.0,35,452558.0,36,876981.0,67,819964.0,76,286563.0,67,819964.0,38,443643.0,67,819964.0,5,329055.5,67,819964.0,37,489903.5,51,794499.0,37,489903.5,37,489903.5,36,876981.0,2,1129496.0,38,443643.0,3,948003.0,87,374847.0,67,819964.0,45,375241.0,5,329055.5,66,1174748.5,2,1129496.0,2,1129496.0,2,1129496.0,37,489903.5,2,1129496.0,66,1174748.5,67,819964.0,64,300244.0,67,819964.0,67,819964.0
5,70,3.714986254550858e-06,66,8.51246032661459e-07,51,1.2586548252420708e-06,49,2.2879002109443992e-06,1,7.746851485884849e-07,67,1.2195657370323576e-06,49,2.2879002109443992e-06,1,7.746851485884849e-07,84,2.3808900243088873e-06,51,1.2586548252420708e-06,66,8.51246032661459e-07,72,3.3877347064951345e-06,66,8.51246032661459e-07,36,1.1402755589915859e-06,51,1.2586548252420708e-06,51,794499.0,72,295182.5,70,269180.0,67,819964.0,56,343647.0,37,489903.5,2,1129496.0,67,819964.0,66,1174748.5,49,437082.00000000006,66,1174748.5,35,452558.0,38,443643.0,2,1129496.0,2,1129496.0,74,548909.0,76,286563.0,73,476196.99999999994,45,375241.0,37,489903.5,37,489903.5,1,1290847.0,67,819964.0,66,1174748.5,55,416405.00000000006,76,286563.0,80,263555.0,67,819964.0,37,489903.5,78,438902.99999999994,38,443643.0,5,329055.5,1,1290847.0,2,1129496.0,2,1129496.0
6,36,1.1402755589915859e-06,58,3.8019705613419434e-06,67,1.2195657370323576e-06,2,8.853506342651944e-07,49,2.2879002109443992e-06,51,1.2586548252420708e-06,66,8.51246032661459e-07,20,3.5095230909071767e-06,51,1.2586548252420708e-06,2,8.853506342651944e-07,67,1.2195657370323576e-06,66,8.51246032661459e-07,3,1.054848982545414e-06,3,1.054848982545414e-06,67,1.2195657370323576e-06,38,443643.0,37,489903.5,36,876981.0,74,548909.0,66,1174748.5,33,299002.0,37,489903.5,72,295182.5,64,300244.0,76,286563.0,73,476196.99999999994,47,719564.0,66,1174748.5,36,876981.0,36,876981.0,33,299002.0,66,1174748.5,38,443643.0,66,1174748.5,72,295182.5,35,452558.0,35,452558.0,2,1129496.0,49,437082.00000000006,2,1129496.0,45,375241.0,45,375241.0,74,548909.0,80,263555.0,45,375241.0,37,489903.5,36,876981.0,33,299002.0,67,819964.0,37,489903.5
7,58,3.8019705613419434e-06,1,7.746851485884849e-07,3,1.054848982545414e-06,67,1.2195657370323576e-06,55,2.401508147116389e-06,51,1.2586548252420708e-06,44,2.2228248547383958e-06,66,8.51246032661459e-07,43,1.8306982466182429e-06,70,3.714986254550858e-06,37,2.0412183215674108e-06,8,2.9440512500441608e-06,70,3.714986254550858e-06,66,8.51246032661459e-07,3,1.054848982545414e-06,67,819964.0,3,948003.0,8,339668.0,2,1129496.0,3,948003.0,66,1174748.5,45,375241.0,2,1129496.0,66,1174748.5,2,1129496.0,36,876981.0,49,437082.00000000006,8,339668.0,69,318600.0,64,300244.0,51,794499.0,3,948003.0,49,437082.00000000006,2,1129496.0,36,876981.0,38,443643.0,38,443643.0,67,819964.0,37,489903.5,53,383479.00000000006,66,1174748.5,66,1174748.5,2,1129496.0,38,443643.0,43,546239.6666666666,55,416405.00000000006,72,295182.5,77,489801.0,49,437082.00000000006,67,819964.0
8,1,7.746851485884849e-07,38,2.254064642065805e-06,37,2.0412183215674108e-06,45,2.6649539895693702e-06,74,1.8217955981774756e-06,2,8.853506342651944e-07,36,1.1402755589915859e-06,70,3.714986254550858e-06,2,8.853506342651944e-07,45,2.6649539895693702e-06,48,2.6994997826902675e-06,2,8.853506342651944e-07,37,2.0412183215674108e-06,49,2.2879002109443992e-06,37,2.0412183215674108e-06,49,437082.00000000006,36,876981.0,1,1290847.0,38,443643.0,1,1290847.0,69,318600.0,67,819964.0,52,701140.0,64,300244.0,51,794499.0,5,329055.5,72,295182.5,1,1290847.0,66,1174748.5,66,1174748.5,2,1129496.0,37,489903.5,35,452558.0,35,452558.0,44,449878.0,67,819964.0,67,819964.0,49,437082.00000000006,33,299002.0,66,1174748.5,2,1129496.0,1,1290847.0,49,437082.00000000006,67,819964.0,2,1129496.0,66,1174748.5,66,1174748.5,73,476196.99999999994,76,286563.0,73,476196.99999999994
9,44,2.2228248547383958e-06,36,1.1402755589915859e-06,67,1.2195657370323576e-06,38,2.254064642065805e-06,38,2.254064642065805e-06,80,3.7942744398702357e-06,70,3.714986254550858e-06,37,2.0412183215674108e-06,74,1.8217955981774756e-06,51,1.2586548252420708e-06,51,1.2586548252420708e-06,55,2.401508147116389e-06,51,1.2586548252420708e-06,36,1.1402755589915859e-06,49,2.2879002109443992e-06,51,794499.0,68,328254.5,68,328254.5,37,489903.5,73,476196.99999999994,36,876981.0,2,1129496.0,37,489903.5,66,1174748.5,51,794499.0,66,1174748.5,2,1129496.0,72,295182.5,58,263021.5,58,263021.5,67,819964.0,67,819964.0,77,489801.0,55,416405.00000000006,66,1174748.5,2,1129496.0,2,1129496.0,37,489903.5,66,1174748.5,3,948003.0,67,819964.0,51,794499.0,37,489903.5,67,819964.0,74,548909.0,33,299002.0,50,266660.5,37,489903.5,1,1290847.0,2,1129496.0
10,93,4.03402294955656e-06,93,4.03402294955656e-06,93,4.03402294955656e-06,93,4.03402294955656e-06,4,2.028722655354509e-06,0,6.884619288421487e-07,93,4.03402294955656e-06,0,6.884619288421487e-07,4,2.028722655354509e-06,0,6.884619288421487e-07,0,6.884619288421487e-07,0,6.884619288421487e-07,93,4.03402294955656e-06,93,4.03402294955656e-06,93,4.03402294955656e-06,93,247891.5,4,492921.00000000006,93,247891.5,4,492921.00000000006,93,247891.5,4,492921.00000000006,0,1452513.142857143,0,1452513.142857143,93,247891.5,93,247891.5,0,1452513.142857143,93,247891.5,93,247891.5,93,247891.5,4,492921.00000000006,93,247891.5,4,492921.00000000006,4,492921.00000000006,93,247891.5,0,1452513.142857143,0,1452513.142857143,93,247891.5,4,492921.00000000006,0,1452513.142857143,0,1452513.142857143,0,1452513.142857143,93,247891.5,0,1452513.142857143,4,492921.00000000006,4,492921.00000000006,0,1452513.142857143,0,1452513.142857143,4,492921.00000000006,4,492921.00000000006,0,1452513.142857143
11,4,2.028722655354509e-06,4,2.028722655354509e-06,0,6.884619288421487e-07,4,2.028722655354509e-06,93,4.03402294955656e-06,4,2.028722655354509e-06,4,2.028722655354509e-06,4,2.028722655354509e-06,0,6.884619288421487e-07,93,4.03402294955656e-06,93,4.03402294955656e-06,93,4.03402294955656e-06,4,2.028722655354509e-06,4,2.028722655354509e-06,0,6.884619288421487e-07,0,1452513.142857143,0,1452513.142857143,4,492921.00000000006,93,247891.5,4,492921.00000000006,0,1452513.142857143,4,492921.00000000006,93,247891.5,0,1452513.142857143,4,492921.00000000006,93,247891.5,0,1452513.142857143,0,1452513.142857143,0,1452513.142857143,93,247891.5,0,1452513.142857143,0,1452513.142857143,0,1452513.142857143,4,492921.00000000006,93,247891.5,93,247891.5,0,1452513.142857143,0,1452513.142857143,93,247891.5,93,247891.5,93,247891.5,0,1452513.142857143,4,492921.00000000006,93,247891.5,0,1452513.142857143,93,247891.5,93,247891.5,0,1452513.142857143,93,247891.5,93,247891.5
12,0,6.884619288421487e-07,0,6.884619288421487e-07,4,2.028722655354509e-06,0,6.884619288421487e-07,0,6.884619288421487e-07,93,4.03402294955656e-06,0,6.884619288421487e-07,93,4.03402294955656e-06,93,4.03402294955656e-06,4,2.028722655354509e-06,4,2.028722655354509e-06,4,2.028722655354509e-06,0,6.884619288421487e-07,0,6.884619288421487e-07,4,2.028722655354509e-06,4,492921.00000000006,93,247891.5,0,1452513.142857143,0,1452513.142857143,0,1452513.142857143,93,247891.5,93,247891.5,4,492921.00000000006,4,492921.00000000006,0,1452513.142857143,4,492921.00000000006,4,492921.00000000006,4,492921.00000000006,4,492921.00000000006,0,1452513.142857143,4,492921.00000000006,93,247891.5,93,247891.5,92,349707.0,4,492921.00000000006,4,492921.00000000006,4,492921.00000000006,93,247891.5,4,492921.00000000006,4,492921.00000000006,4,492921.00000000006,4,492921.00000000006,93,247891.5,0,1452513.142857143,93,247891.5,4,492921.00000000006,4,492921.00000000006,93,247891.5,0,1452513.142857143,4,492921.00000000006
13,92,2.859536697864212e-06,92,2.859536697864212e-06,92,2.859536697864212e-06,92,2.859536697864212e-06,92,2.859536697864212e-06,92,2.859536697864212e-06,92,2.859536697864212e-06,92,2.859536697864212e-06,9,7.4909172628188325e-06,92,2.859536697864212e-06,92,2.859536697864212e-06,92,2.859536697864212e-06,92,2.859536697864212e-06,92,2.859536697864212e-06,92,2.859536697864212e-06,92,349707.0,92,349707.0,92,349707.0,92,349707.0,92,349707.0,9,133495.0,92,349707.0,92,349707.0,92,349707.0,92,349707.0,92,349707.0,92,349707.0,92,349707.0,92,349707.0,92,349707.0,92,349707.0,9,133495.0,9,133495.0,9,133495.0,92,349707.0,92,349707.0,92,349707.0,92,349707.0,92,349707.0,92,349707.0,92,349707.0,92,349707.0,92,349707.0,92,349707.0,9,133495.0,92,349707.0,92,349707.0,9,133495.0,92,349707.0,92,349707.0
14,9,7.4909172628188325e-06,9,7.4909172628188325e-06,9,7.4909172628188325e-06,9,7.4909172628188325e-06,9,7.4909172628188325e-06,9,7.4909172628188325e-06,9,7.4909172628188325e-06,9,7.4909172628188325e-06,92,2.859536697864212e-06,9,7.4909172628188325e-06,9,7.4909172628188325e-06,9,7.4909172628188325e-06,9,7.4909172628188325e-06,9,7.4909172628188325e-06,9,7.4909172628188325e-06,9,133495.0,9,133495.0,9,133495.0,9,133495.0,9,133495.0,91,482217.99999999994,9,133495.0,9,133495.0,9,133495.0,9,133495.0,9,133495.0,9,133495.0,9,133495.0,9,133495.0,9,133495.0,9,133495.0,92,349707.0,92,349707.0,91,482217.99999999994,9,133495.0,9,133495.0,9,133495.0,9,133495.0,9,133495.0,9,133495.0,9,133495.0,9,133495.0,9,133495.0,9,133495.0,92,349707.0,9,133495.0,1,1290847.0,92,349707.0,9,133495.0,9,133495.0
15,91,2.0737508761597454e-06,91,2.0737508761597454e-06,1,7.746851485884849e-07,91,2.0737508761597454e-06,11,4.213755383072502e-06,36,1.1402755589915859e-06,91,2.0737508761597454e-06,36,1.1402755589915859e-06,11,4.213755383072502e-06,36,1.1402755589915859e-06,1,7.746851485884849e-07,91,2.0737508761597454e-06,91,2.0737508761597454e-06,11,4.213755383072502e-06,36,1.1402755589915859e-06,1,1290847.0,11,237318.00000000003,91,482217.99999999994,11,237318.00000000003,91,482217.99999999994,11,237318.00000000003,11,237318.00000000003,36,876981.0,1,1290847.0,91,482217.99999999994,1,1290847.0,91,482217.99999999994,91,482217.99999999994,91,482217.99999999994,11,237318.00000000003,91,482217.99999999994,11,237318.00000000003,11,237318.00000000003,1,1290847.0,1,1290847.0,36,876981.0,11,237318.00000000003,36,876981.0,91,482217.99999999994,91,482217.99999999994,91,482217.99999999994,91,482217.99999999994,11,237318.00000000003,11,237318.00000000003,11,237318.00000000003,1,1290847.0,9,133495.0,36,876981.0,11,237318.00000000003,36,876981.0
16,11,4.213755383072502e-06,11,4.213755383072502e-06,91,2.0737508761597454e-06,11,4.213755383072502e-06,91,2.0737508761597454e-06,91,2.0737508761597454e-06,11,4.213755383072502e-06,11,4.213755383072502e-06,1,7.746851485884849e-07,91,2.0737508761597454e-06,91,2.0737508761597454e-06,11,4.213755383072502e-06,11,4.213755383072502e-06,91,2.0737508761597454e-06,91,2.0737508761597454e-06,91,482217.99999999994,90,481993.5,11,237318.00000000003,91,482217.99999999994,11,237318.00000000003,90,481993.5,36,876981.0,91,482217.99999999994,11,237318.00000000003,36,876981.0,91,482217.99999999994,1,1290847.0,11,237318.00000000003,1,1290847.0,91,482217.99999999994,11,237318.00000000003,91,482217.99999999994,1,1290847.0,11,237318.00000000003,91,482217.99999999994,11,237318.00000000003,91,482217.99999999994,11,237318.00000000003,1,1290847.0,1,1290847.0,11,237318.00000000003,11,237318.00000000003,1,1290847.0,91,482217.99999999994,91,482217.99999999994,11,237318.00000000003,91,482217.99999999994,11,237318.00000000003,91,482217.99999999994,91,482217.99999999994
17,90,2.074716775226222e-06,90,2.074716775226222e-06,11,4.213755383072502e-06,1,7.746851485884849e-07,2,8.853506342651944e-07,11,4.213755383072502e-06,1,7.746851485884849e-07,91,2.0737508761597454e-06,10,7.3527249198552985e-06,11,4.213755383072502e-06,36,1.1402755589915859e-06,1,7.746851485884849e-07,36,1.1402755589915859e-06,1,7.746851485884849e-07,11,4.213755383072502e-06,11,237318.00000000003,1,1290847.0,90,481993.5,1,1290847.0,90,481993.5,10,136004.0,91,482217.99999999994,11,237318.00000000003,91,482217.99999999994,11,237318.00000000003,11,237318.00000000003,11,237318.00000000003,36,876981.0,11,237318.00000000003,1,1290847.0,1,1290847.0,1,1290847.0,91,482217.99999999994,36,876981.0,11,237318.00000000003,91,482217.99999999994,36,876981.0,91,482217.99999999994,11,237318.00000000003,11,237318.00000000003,1,1290847.0,36,876981.0,91,482217.99999999994,36,876981.0,1,1290847.0,91,482217.99999999994,11,237318.00000000003,91,482217.99999999994,36,876981.0,11,237318.00000000003
18,10,7.3527249198552985e-06,10,7.3527249198552985e-06,36,1.1402755589915859e-06,90,2.074716775226222e-06,10,7.3527249198552985e-06,1,7.746851485884849e-07,10,7.3527249198552985e-06,10,7.3527249198552985e-06,91,2.0737508761597454e-06,1,7.746851485884849e-07,11,4.213755383072502e-06,90,2.074716775226222e-06,90,2.074716775226222e-06,10,7.3527249198552985e-06,90,2.074716775226222e-06,36,876981.0,10,136004.0,10,136004.0,10,136004.0,10,136004.0,2,1129496.0,1,1290847.0,1,1290847.0,36,876981.0,90,481993.5,90,481993.5,90,481993.5,90,481993.5,90,481993.5,10,136004.0,90,481993.5,10,136004.0,10,136004.0,90,481993.5,90,481993.5,1,1290847.0,10,136004.0,10,136004.0,36,876981.0,36,876981.0,36,876981.0,10,136004.0,36,876981.0,10,136004.0,10,136004.0,36,876981.0,90,481993.5,10,136004.0,10,136004.0,1,1290847.0
19,89,2.4700811421655203e-06,2,8.853506342651944e-07,90,2.074716775226222e-06,10,7.3527249198552985e-06,90,2.074716775226222e-06,10,7.3527249198552985e-06,90,2.074716775226222e-06,90,2.074716775226222e-06,16,1.7452433392787957e-05,90,2.074716775226222e-06,90,2.074716775226222e-06,10,7.3527249198552985e-06,10,7.3527249198552985e-06,90,2.074716775226222e-06,10,7.3527249198552985e-06,88,224858.0,89,404845.0,89,404845.0,90,481993.5,88,224858.0,89,404845.0,10,136004.0,90,481993.5,10,136004.0,10,136004.0,10,136004.0,10,136004.0,10,136004.0,10,136004.0,90,481993.5,10,136004.0,90,481993.5,90,481993.5,10,136004.0,10,136004.0,10,136004.0,90,481993.5,90,481993.5,90,481993.5,90,481993.5,10,136004.0,90,481993.5,10,136004.0,90,481993.5,90,481993.5,10,136004.0,2,1129496.0,90,481993.5,90,481993.5,90,481993.5
20,66,8.51246032661459e-07,88,4.447251154061674e-06,10,7.3527249198552985e-06,89,2.4700811421655203e-06,88,4.447251154061674e-06,90,2.074716775226222e-06,88,4.447251154061674e-06,16,1.7452433392787957e-05,88,4.447251154061674e-06,10,7.3527249198552985e-06,10,7.3527249198552985e-06,89,2.4700811421655203e-06,88,4.447251154061674e-06,88,4.447251154061674e-06,88,4.447251154061674e-06,10,136004.0,16,57298.6,2,1129496.0,89,404845.0,2,1129496.0,16,57298.6,90,481993.5,10,136004.0,90,481993.5,89,404845.0,2,1129496.0,89,404845.0,2,1129496.0,88,224858.0,88,224858.0,89,404845.0,16,57298.6,16,57298.6,88,224858.0,88,224858.0,88,224858.0,16,57298.6,88,224858.0,10,136004.0,10,136004.0,90,481993.5,89,404845.0,90,481993.5,2,1129496.0,16,57298.6,88,224858.0,10,136004.0,16,57298.6,16,57298.6,10,136004.0
21,3,1.054848982545414e-06,16,1.7452433392787957e-05,88,4.447251154061674e-06,16,1.7452433392787957e-05,16,1.7452433392787957e-05,16,1.7452433392787957e-05,16,1.7452433392787957e-05,88,4.447251154061674e-06,66,8.51246032661459e-07,89,2.4700811421655203e-06,88,4.447251154061674e-06,16,1.7452433392787957e-05,2,8.853506342651944e-07,16,1.7452433392787957e-05,16,1.7452433392787957e-05,90,481993.5,88,224858.0,66,1174748.5,16,57298.6,16,57298.6,88,224858.0,16,57298.6,89,404845.0,88,224858.0,16,57298.6,88,224858.0,16,57298.6,89,404845.0,16,57298.6,16,57298.6,16,57298.6,88,224858.0,88,224858.0,16,57298.6,2,1129496.0,90,481993.5,88,224858.0,16,57298.6,88,224858.0,88,224858.0,16,57298.6,16,57298.6,16,57298.6,16,57298.6,88,224858.0,90,481993.5,88,224858.0,88,224858.0,89,404845.0,88,224858.0
22,16,1.7452433392787957e-05,89,2.4700811421655203e-06,16,1.7452433392787957e-05,88,4.447251154061674e-06,89,2.4700811421655203e-06,89,2.4700811421655203e-06,89,2.4700811421655203e-06,8,2.9440512500441608e-06,90,2.074716775226222e-06,16,1.7452433392787957e-05,16,1.7452433392787957e-05,88,4.447251154061674e-06,16,1.7452433392787957e-05,89,2.4700811421655203e-06,2,8.853506342651944e-07,16,57298.6,8,339668.0,16,57298.6,88,224858.0,89,404845.0,3,948003.0,89,404845.0,16,57298.6,16,57298.6,88,224858.0,16,57298.6,88,224858.0,16,57298.6,89,404845.0,89,404845.0,88,224858.0,21,172086.5,3,948003.0,89,404845.0,16,57298.6,16,57298.6,89,404845.0,89,404845.0,16,57298.6,16,57298.6,89,404845.0,88,224858.0,88,224858.0,89,404845.0,21,172086.5,16,57298.6,16,57298.6,66,1174748.5,88,224858.0,16,57298.6
23,88,4.447251154061674e-06,8,2.9440512500441608e-06,2,8.853506342651944e-07,66,8.51246032661459e-07,3,1.054848982545414e-06,88,4.447251154061674e-06,3,1.054848982545414e-06,87,2.6677551107518532e-06,21,5.811031080299733e-06,88,4.447251154061674e-06,89,2.4700811421655203e-06,21,5.811031080299733e-06,89,2.4700811421655203e-06,8,2.9440512500441608e-06,89,2.4700811421655203e-06,2,1129496.0,66,1174748.5,88,224858.0,3,948003.0,8,339668.0,8,339668.0,8,339668.0,88,224858.0,3,948003.0,3,948003.0,89,404845.0,8,339668.0,88,224858.0,8,339668.0,8,339668.0,66,1174748.5,89,404845.0,89,404845.0,3,948003.0,89,404845.0,66,1174748.5,8,339668.0,3,948003.0,89,404845.0,89,404845.0,88,224858.0,8,339668.0,8,339668.0,88,224858.0,89,404845.0,89,404845.0,89,404845.0,3,948003.0,8,339668.0,89,404845.0
24,8,2.9440512500441608e-06,81,4.720276419387119e-06,89,2.4700811421655203e-06,8,2.9440512500441608e-06,8,2.9440512500441608e-06,8,2.9440512500441608e-06,8,2.9440512500441608e-06,3,1.054848982545414e-06,8,2.9440512500441608e-06,8,2.9440512500441608e-06,8,2.9440512500441608e-06,87,2.6677551107518532e-06,8,2.9440512500441608e-06,70,3.714986254550858e-06,66,8.51246032661459e-07,89,404845.0,87,374847.0,3,948003.0,8,339668.0,87,374847.0,87,374847.0,88,224858.0,8,339668.0,89,404845.0,8,339668.0,21,172086.5,87,374847.0,3,948003.0,87,374847.0,3,948003.0,8,339668.0,8,339668.0,8,339668.0,87,374847.0,8,339668.0,81,211852.0,21,172086.5,66,1174748.5,8,339668.0,8,339668.0,8,339668.0,3,948003.0,89,404845.0,8,339668.0,8,339668.0,8,339668.0,3,948003.0,89,404845.0,21,172086.5,8,339668.0
25,87,2.6677551107518532e-06,87,2.6677551107518532e-06,8,2.9440512500441608e-06,3,1.054848982545414e-06,87,2.6677551107518532e-06,21,5.811031080299733e-06,87,2.6677551107518532e-06,85,2.667107628461239e-06,89,2.4700811421655203e-06,87,2.6677551107518532e-06,3,1.054848982545414e-06,3,1.054848982545414e-06,87,2.6677551107518532e-06,21,5.811031080299733e-06,8,2.9440512500441608e-06,8,339668.0,21,172086.5,87,374847.0,87,374847.0,21,172086.5,81,211852.0,21,172086.5,87,374847.0,8,339668.0,87,374847.0,81,211852.0,3,948003.0,21,172086.5,21,172086.5,81,211852.0,81,211852.0,81,211852.0,21,172086.5,8,339668.0,81,211852.0,21,172086.5,87,374847.0,8,339668.0,81,211852.0,87,374847.0,3,948003.0,87,374847.0,21,172086.5,3,948003.0,81,211852.0,3,948003.0,8,339668.0,8,339668.0,87,374847.0,3,948003.0
26,85,2.667107628461239e-06,21,5.811031080299733e-06,81,4.720276419387119e-06,87,2.6677551107518532e-06,21,5.811031080299733e-06,87,2.6677551107518532e-06,21,5.811031080299733e-06,21,5.811031080299733e-06,71,4.441088955011769e-06,3,1.054848982545414e-06,81,4.720276419387119e-06,85,2.667107628461239e-06,6,3.6675713342624513e-06,87,2.6677551107518532e-06,81,4.720276419387119e-06,81,211852.0,85,374938.0,21,172086.5,21,172086.5,81,211852.0,21,172086.5,87,374847.0,3,948003.0,81,211852.0,6,272660.0,8,339668.0,21,172086.5,87,374847.0,81,211852.0,21,172086.5,21,172086.5,87,374847.0,87,374847.0,81,211852.0,21,172086.5,89,404845.0,3,948003.0,81,211852.0,87,374847.0,81,211852.0,87,374847.0,70,269180.0,3,948003.0,87,374847.0,15,98773.0,81,211852.0,87,374847.0,21,172086.5,81,211852.0,87,374847.0
27,6,3.6675713342624513e-06,6,3.6675713342624513e-06,87,2.6677551107518532e-06,21,5.811031080299733e-06,81,4.720276419387119e-06,15,1.0124224231318275e-05,81,4.720276419387119e-06,81,4.720276419387119e-06,3,1.054848982545414e-06,21,5.811031080299733e-06,87,2.6677551107518532e-06,15,1.0124224231318275e-05,81,4.720276419387119e-06,6,3.6675713342624513e-06,21,5.811031080299733e-06,21,172086.5,6,272660.0,85,374938.0,81,211852.0,15,98773.0,85,374938.0,3,948003.0,21,172086.5,6,272660.0,85,374938.0,87,374847.0,85,374938.0,15,98773.0,6,272660.0,87,374847.0,87,374847.0,15,98773.0,81,211852.0,21,172086.5,87,374847.0,3,948003.0,81,211852.0,21,172086.5,3,948003.0,21,172086.5,21,172086.5,21,172086.5,81,211852.0,21,172086.5,87,374847.0,21,172086.5,81,211852.0,87,374847.0,15,98773.0,21,172086.5
28,21,5.811031080299733e-06,80,3.7942744398702357e-06,21,5.811031080299733e-06,81,4.720276419387119e-06,37,2.0412183215674108e-06,85,2.667107628461239e-06,6,3.6675713342624513e-06,84,2.3808900243088873e-06,81,4.720276419387119e-06,85,2.667107628461239e-06,21,5.811031080299733e-06,81,4.720276419387119e-06,21,5.811031080299733e-06,81,4.720276419387119e-06,87,2.6677551107518532e-06,87,374847.0,81,211852.0,6,272660.0,6,272660.0,85,374938.0,15,98773.0,85,374938.0,85,374938.0,87,374847.0,81,211852.0,3,948003.0,81,211852.0,85,374938.0,85,374938.0,15,98773.0,6,272660.0,69,318600.0,6,272660.0,85,374938.0,6,272660.0,15,98773.0,15,98773.0,87,374847.0,21,172086.5,80,263555.0,81,211852.0,85,374938.0,87,374847.0,85,374938.0,69,318600.0,87,374847.0,21,172086.5,81,211852.0,85,374938.0,81,211852.0
29,81,4.720276419387119e-06,85,2.667107628461239e-06,80,3.7942744398702357e-06,6,3.6675713342624513e-06,85,2.667107628461239e-06,81,4.720276419387119e-06,85,2.667107628461239e-06,6,3.6675713342624513e-06,15,1.0124224231318275e-05,81,4.720276419387119e-06,85,2.667107628461239e-06,6,3.6675713342624513e-06,85,2.667107628461239e-06,85,2.667107628461239e-06,15,1.0124224231318275e-05,80,263555.0,15,98773.0,15,98773.0,85,374938.0,80,263555.0,80,263555.0,15,98773.0,15,98773.0,21,172086.5,21,172086.5,70,269180.0,15,98773.0,81,211852.0,80,263555.0,84,420011.0,85,374938.0,85,374938.0,80,263555.0,80,263555.0,85,374938.0,80,263555.0,85,374938.0,6,272660.0,80,263555.0,6,272660.0,6,272660.0,6,272660.0,15,98773.0,6,272660.0,6,272660.0,80,263555.0,85,374938.0,6,272660.0,6,272660.0,85,374938.0
30,84,2.3808900243088873e-06,37,2.0412183215674108e-06,15,1.0124224231318275e-05,85,2.667107628461239e-06,6,3.6675713342624513e-06,6,3.6675713342624513e-06,80,3.7942744398702357e-06,80,3.7942744398702357e-06,87,2.6677551107518532e-06,15,1.0124224231318275e-05,15,1.0124224231318275e-05,79,8.658645874371707e-06,15,1.0124224231318275e-05,15,1.0124224231318275e-05,80,3.7942744398702357e-06,15,98773.0,80,263555.0,84,420011.0,15,98773.0,6,272660.0,79,115491.5,81,211852.0,81,211852.0,85,374938.0,84,420011.0,85,374938.0,84,420011.0,6,272660.0,15,98773.0,80,263555.0,80,263555.0,6,272660.0,37,489903.5,6,272660.0,80,263555.0,85,374938.0,80,263555.0,80,263555.0,85,374938.0,85,374938.0,85,374938.0,81,211852.0,80,263555.0,81,211852.0,85,374938.0,15,98773.0,6,272660.0,80,263555.0,80,263555.0,15,98773.0
31,15,1.0124224231318275e-05,15,1.0124224231318275e-05,85,2.667107628461239e-06,15,1.0124224231318275e-05,80,3.7942744398702357e-06,84,2.3808900243088873e-06,15,1.0124224231318275e-05,15,1.0124224231318275e-05,26,3.687043728338618e-05,84,2.3808900243088873e-06,80,3.7942744398702357e-06,26,3.687043728338618e-05,80,3.7942744398702357e-06,80,3.7942744398702357e-06,6,3.6675713342624513e-06,85,374938.0,84,420011.0,81,211852.0,80,263555.0,37,489903.5,6,272660.0,6,272660.0,6,272660.0,80,263555.0,15,98773.0,15,98773.0,6,272660.0,84,420011.0,84,420011.0,6,272660.0,15,98773.0,80,263555.0,15,98773.0,15,98773.0,15,98773.0,26,27122.0,26,27122.0,15,98773.0,15,98773.0,15,98773.0,15,98773.0,15,98773.0,6,272660.0,15,98773.0,37,489903.5,85,374938.0,80,263555.0,15,98773.0,79,115491.5,80,263555.0
32,80,3.7942744398702357e-06,75,3.820351777991718e-06,6,3.6675713342624513e-06,80,3.7942744398702357e-06,15,1.0124224231318275e-05,26,3.687043728338618e-05,84,2.3808900243088873e-06,79,8.658645874371707e-06,80,3.7942744398702357e-06,6,3.6675713342624513e-06,26,3.687043728338618e-05,84,2.3808900243088873e-06,84,2.3808900243088873e-06,37,2.0412183215674108e-06,85,2.667107628461239e-06,6,272660.0,7,192477.0,7,192477.0,84,420011.0,84,420011.0,75,261755.99999999997,84,420011.0,84,420011.0,15,98773.0,37,489903.5,84,420011.0,37,489903.5,26,27122.0,7,192477.0,79,115491.5,84,420011.0,26,27122.0,85,374938.0,84,420011.0,75,261755.99999999997,75,261755.99999999997,84,420011.0,85,374938.0,75,261755.99999999997,84,420011.0,80,263555.0,84,420011.0,85,374938.0,84,420011.0,26,27122.0,6,272660.0,15,98773.0,85,374938.0,26,27122.0,6,272660.0
33,79,8.658645874371707e-06,84,2.3808900243088873e-06,75,3.820351777991718e-06,84,2.3808900243088873e-06,84,2.3808900243088873e-06,75,3.820351777991718e-06,7,5.195425946996264e-06,71,4.441088955011769e-06,6,3.6675713342624513e-06,80,3.7942744398702357e-06,75,3.820351777991718e-06,70,3.714986254550858e-06,7,5.195425946996264e-06,7,5.195425946996264e-06,75,3.820351777991718e-06,75,261755.99999999997,79,115491.5,79,115491.5,7,192477.0,26,27122.0,84,420011.0,71,225170.0,80,263555.0,37,489903.5,80,263555.0,37,489903.5,80,263555.0,80,263555.0,71,225170.0,75,261755.99999999997,69,318600.0,84,420011.0,26,27122.0,37,489903.5,79,115491.5,6,272660.0,69,318600.0,75,261755.99999999997,6,272660.0,7,192477.0,84,420011.0,7,192477.0,26,27122.0,75,261755.99999999997,80,263555.0,75,261755.99999999997,84,420011.0,7,192477.0,37,489903.5,84,420011.0
34,7,5.195425946996264e-06,7,5.195425946996264e-06,84,2.3808900243088873e-06,7,5.195425946996264e-06,7,5.195425946996264e-06,7,5.195425946996264e-06,75,3.820351777991718e-06,7,5.195425946996264e-06,85,2.667107628461239e-06,79,8.658645874371707e-06,84,2.3808900243088873e-06,7,5.195425946996264e-06,75,3.820351777991718e-06,84,2.3808900243088873e-06,7,5.195425946996264e-06,7,192477.0,70,269180.0,80,263555.0,79,115491.5,7,192477.0,7,192477.0,17,87667.0,7,192477.0,7,192477.0,7,192477.0,26,27122.0,26,27122.0,7,192477.0,79,115491.5,7,192477.0,7,192477.0,7,192477.0,84,420011.0,75,261755.99999999997,7,192477.0,84,420011.0,6,272660.0,7,192477.0,84,420011.0,37,489903.5,7,192477.0,37,489903.5,84,420011.0,7,192477.0,84,420011.0,26,27122.0,75,261755.99999999997,75,261755.99999999997,7,192477.0,26,27122.0
35,77,2.041645484594764e-06,79,8.658645874371707e-06,7,5.195425946996264e-06,75,3.820351777991718e-06,75,3.820351777991718e-06,79,8.658645874371707e-06,79,8.658645874371707e-06,77,2.041645484594764e-06,37,2.0412183215674108e-06,7,5.195425946996264e-06,7,5.195425946996264e-06,77,2.041645484594764e-06,5,3.039001019584842e-06,17,1.1406800734597967e-05,84,2.3808900243088873e-06,84,420011.0,17,87667.0,17,87667.0,26,27122.0,75,261755.99999999997,26,27122.0,79,115491.5,79,115491.5,84,420011.0,79,115491.5,75,261755.99999999997,79,115491.5,79,115491.5,17,87667.0,77,489801.0,79,115491.5,70,269180.0,7,192477.0,7,192477.0,77,489801.0,70,269180.0,79,115491.5,84,420011.0,26,27122.0,75,261755.99999999997,79,115491.5,75,261755.99999999997,75,261755.99999999997,79,115491.5,7,192477.0,84,420011.0,7,192477.0,84,420011.0,71,225170.0,75,261755.99999999997
36,5,3.039001019584842e-06,26,3.687043728338618e-05,72,3.3877347064951345e-06,17,1.1406800734597967e-05,79,8.658645874371707e-06,72,3.3877347064951345e-06,17,1.1406800734597967e-05,17,1.1406800734597967e-05,20,3.5095230909071767e-06,37,2.0412183215674108e-06,79,8.658645874371707e-06,75,3.820351777991718e-06,79,8.658645874371707e-06,75,3.820351777991718e-06,26,3.687043728338618e-05,72,295182.5,77,489801.0,77,489801.0,75,261755.99999999997,79,115491.5,77,489801.0,80,263555.0,26,27122.0,75,261755.99999999997,75,261755.99999999997,6,272660.0,17,87667.0,70,269180.0,5,329055.5,17,87667.0,17,87667.0,79,115491.5,71,225170.0,79,115491.5,26,27122.0,7,192477.0,17,87667.0,26,27122.0,79,115491.5,17,87667.0,26,27122.0,79,115491.5,7,192477.0,26,27122.0,75,261755.99999999997,71,225170.0,79,115491.5,17,87667.0,84,420011.0,79,115491.5
37,75,3.820351777991718e-06,72,3.3877347064951345e-06,79,8.658645874371707e-06,79,8.658645874371707e-06,17,1.1406800734597967e-05,17,1.1406800734597967e-05,72,3.3877347064951345e-06,75,3.820351777991718e-06,75,3.820351777991718e-06,75,3.820351777991718e-06,70,3.714986254550858e-06,17,1.1406800734597967e-05,17,1.1406800734597967e-05,79,8.658645874371707e-06,72,3.3877347064951345e-06,17,87667.0,5,329055.5,26,27122.0,5,329055.5,72,295182.5,72,295182.5,7,192477.0,75,261755.99999999997,17,87667.0,17,87667.0,79,115491.5,75,261755.99999999997,17,87667.0,75,261755.99999999997,72,295182.5,75,261755.99999999997,17,87667.0,79,115491.5,72,295182.5,71,225170.0,79,115491.5,75,261755.99999999997,72,295182.5,72,295182.5,86,199330.0,75,261755.99999999997,17,87667.0,72,295182.5,72,295182.5,17,87667.0,7,192477.0,71,225170.0,79,115491.5,17,87667.0,7,192477.0
38,17,1.1406800734597967e-05,17,1.1406800734597967e-05,17,1.1406800734597967e-05,72,3.3877347064951345e-06,77,2.041645484594764e-06,77,2.041645484594764e-06,5,3.039001019584842e-06,86,5.016806301108714e-06,79,8.658645874371707e-06,17,1.1406800734597967e-05,17,1.1406800734597967e-05,71,4.441088955011769e-06,72,3.3877347064951345e-06,5,3.039001019584842e-06,79,8.658645874371707e-06,79,115491.5,75,261755.99999999997,75,261755.99999999997,77,489801.0,17,87667.0,5,329055.5,77,489801.0,77,489801.0,86,199330.0,77,489801.0,71,225170.0,77,489801.0,77,489801.0,77,489801.0,26,27122.0,5,329055.5,77,489801.0,17,87667.0,17,87667.0,5,329055.5,17,87667.0,77,489801.0,79,115491.5,7,192477.0,26,27122.0,17,87667.0,72,295182.5,17,87667.0,77,489801.0,79,115491.5,79,115491.5,17,87667.0,5,329055.5,75,261755.99999999997,72,295182.5
39,86,5.016806301108714e-06,77,2.041645484594764e-06,26,3.687043728338618e-05,5,3.039001019584842e-06,5,3.039001019584842e-06,71,4.441088955011769e-06,77,2.041645484594764e-06,5,3.039001019584842e-06,7,5.195425946996264e-06,77,2.041645484594764e-06,77,2.041645484594764e-06,5,3.039001019584842e-06,86,5.016806301108714e-06,26,3.687043728338618e-05,17,1.1406800734597967e-05,26,27122.0,26,27122.0,5,329055.5,72,295182.5,77,489801.0,17,87667.0,26,27122.0,17,87667.0,5,329055.5,5,329055.5,17,87667.0,7,192477.0,75,261755.99999999997,26,27122.0,86,199330.0,77,489801.0,20,284939.0,75,261755.99999999997,86,199330.0,86,199330.0,72,295182.5,7,192477.0,5,329055.5,86,199330.0,72,295182.5,86,199330.0,5,329055.5,79,115491.5,5,329055.5,20,284939.0,17,87667.0,86,199330.0,72,295182.5,77,489801.0,17,87667.0
40,45,2.6649539895693702e-06,5,3.039001019584842e-06,86,5.016806301108714e-06,86,5.016806301108714e-06,72,3.3877347064951345e-06,20,3.5095230909071767e-06,26,3.687043728338618e-05,72,3.3877347064951345e-06,72,3.3877347064951345e-06,26,3.687043728338618e-05,5,3.039001019584842e-06,86,5.016806301108714e-06,26,3.687043728338618e-05,86,5.016806301108714e-06,71,4.441088955011769e-06,86,199330.0,86,199330.0,86,199330.0,17,87667.0,5,329055.5,86,199330.0,75,261755.99999999997,20,284939.0,72,295182.5,72,295182.5,86,199330.0,71,225170.0,5,329055.5,72,295182.5,5,329055.5,26,27122.0,75,261755.99999999997,5,329055.5,26,27122.0,17,87667.0,20,284939.0,72,295182.5,17,87667.0,17,87667.0,79,115491.5,5,329055.5,86,199330.0,20,284939.0,17,87667.0,77,489801.0,72,295182.5,26,27122.0,26,27122.0,5,329055.5,77,489801.0
41,26,3.687043728338618e-05,71,4.441088955011769e-06,71,4.441088955011769e-06,26,3.687043728338618e-05,26,3.687043728338618e-05,86,5.016806301108714e-06,71,4.441088955011769e-06,26,3.687043728338618e-05,17,1.1406800734597967e-05,86,5.016806301108714e-06,72,3.3877347064951345e-06,20,3.5095230909071767e-06,45,2.6649539895693702e-06,71,4.441088955011769e-06,5,3.039001019584842e-06,5,329055.5,20,284939.0,20,284939.0,86,199330.0,71,225170.0,45,375241.0,20,284939.0,86,199330.0,26,27122.0,26,27122.0,7,192477.0,86,199330.0,20,284939.0,45,375241.0,71,225170.0,72,295182.5,5,329055.5,72,295182.5,5,329055.5,70,269180.0,86,199330.0,20,284939.0,86,199330.0,71,225170.0,5,329055.5,72,295182.5,26,27122.0,86,199330.0,86,199330.0,72,295182.5,5,329055.5,35,452558.0,86,199330.0,20,284939.0,20,284939.0
42,72,3.3877347064951345e-06,86,5.016806301108714e-06,5,3.039001019584842e-06,20,3.5095230909071767e-06,71,4.441088955011769e-06,5,3.039001019584842e-06,86,5.016806301108714e-06,45,2.6649539895693702e-06,77,2.041645484594764e-06,20,3.5095230909071767e-06,20,3.5095230909071767e-06,45,2.6649539895693702e-06,20,3.5095230909071767e-06,20,3.5095230909071767e-06,86,5.016806301108714e-06,71,225170.0,71,225170.0,72,295182.5,20,284939.0,86,199330.0,71,225170.0,86,199330.0,71,225170.0,79,115491.5,86,199330.0,72,295182.5,20,284939.0,86,199330.0,86,199330.0,20,284939.0,86,199330.0,86,199330.0,86,199330.0,77,489801.0,35,452558.0,5,329055.5,86,199330.0,71,225170.0,77,489801.0,20,284939.0,77,489801.0,77,489801.0,5,329055.5,71,225170.0,5,329055.5,86,199330.0,70,269180.0,20,284939.0,86,199330.0,86,199330.0
43,35,2.2096615240477464e-06,20,3.5095230909071767e-06,77,2.041645484594764e-06,71,4.441088955011769e-06,45,2.6649539895693702e-06,70,3.714986254550858e-06,20,3.5095230909071767e-06,28,4.51068129330254e-06,70,3.714986254550858e-06,72,3.3877347064951345e-06,86,5.016806301108714e-06,69,3.1387319522912743e-06,76,3.489634042078007e-06,77,2.041645484594764e-06,20,3.5095230909071767e-06,20,284939.0,45,375241.0,28,221696.0,45,375241.0,20,284939.0,20,284939.0,5,329055.5,5,329055.5,20,284939.0,20,284939.0,77,489801.0,28,221696.0,71,225170.0,20,284939.0,45,375241.0,20,284939.0,45,375241.0,20,284939.0,71,225170.0,20,284939.0,77,489801.0,45,375241.0,20,284939.0,20,284939.0,76,286563.0,20,284939.0,71,225170.0,71,225170.0,20,284939.0,86,199330.0,20,284939.0,20,284939.0,35,452558.0,72,295182.5,71,225170.0
44,20,3.5095230909071767e-06,45,2.6649539895693702e-06,20,3.5095230909071767e-06,35,2.2096615240477464e-06,86,5.016806301108714e-06,28,4.51068129330254e-06,45,2.6649539895693702e-06,35,2.2096615240477464e-06,86,5.016806301108714e-06,5,3.039001019584842e-06,71,4.441088955011769e-06,28,4.51068129330254e-06,35,2.2096615240477464e-06,35,2.2096615240477464e-06,76,3.489634042078007e-06,77,489801.0,28,221696.0,45,375241.0,71,225170.0,45,375241.0,35,452558.0,72,295182.5,70,269180.0,76,286563.0,45,375241.0,20,284939.0,45,375241.0,28,221696.0,35,452558.0,76,286563.0,45,375241.0,72,295182.5,45,375241.0,20,284939.0,76,286563.0,71,225170.0,28,221696.0,35,452558.0,70,269180.0,77,489801.0,71,225170.0,28,221696.0,77,489801.0,45,375241.0,28,221696.0,77,489801.0,51,794499.0,71,225170.0,28,221696.0,5,329055.5
45,71,4.441088955011769e-06,70,3.714986254550858e-06,70,3.714986254550858e-06,28,4.51068129330254e-06,20,3.5095230909071767e-06,45,2.6649539895693702e-06,76,3.489634042078007e-06,76,3.489634042078007e-06,28,4.51068129330254e-06,76,3.489634042078007e-06,45,2.6649539895693702e-06,35,2.2096615240477464e-06,28,4.51068129330254e-06,28,4.51068129330254e-06,28,4.51068129330254e-06,76,286563.0,76,286563.0,71,225170.0,28,221696.0,28,221696.0,76,286563.0,28,221696.0,45,375241.0,77,489801.0,71,225170.0,69,318600.0,76,286563.0,45,375241.0,28,221696.0,28,221696.0,71,225170.0,28,221696.0,28,221696.0,76,286563.0,28,221696.0,28,221696.0,71,225170.0,76,286563.0,28,221696.0,71,225170.0,35,452558.0,76,286563.0,28,221696.0,76,286563.0,71,225170.0,70,269180.0,76,286563.0,28,221696.0,70,269180.0,70,269180.0
46,23,4.389141264511598e-06,28,4.51068129330254e-06,28,4.51068129330254e-06,76,3.489634042078007e-06,35,2.2096615240477464e-06,76,3.489634042078007e-06,35,2.2096615240477464e-06,23,4.389141264511598e-06,5,3.039001019584842e-06,28,4.51068129330254e-06,28,4.51068129330254e-06,76,3.489634042078007e-06,71,4.441088955011769e-06,76,3.489634042078007e-06,45,2.6649539895693702e-06,28,221696.0,23,227835.0,23,227835.0,76,286563.0,76,286563.0,28,221696.0,23,227835.0,28,221696.0,35,452558.0,28,221696.0,28,221696.0,23,227835.0,69,318600.0,76,286563.0,35,452558.0,28,221696.0,35,452558.0,70,269180.0,28,221696.0,51,794499.0,76,286563.0,23,227835.0,28,221696.0,76,286563.0,28,221696.0,28,221696.0,23,227835.0,76,286563.0,28,221696.0,35,452558.0,45,375241.0,28,221696.0,76,286563.0,45,375241.0,35,452558.0
47,42,3.958170058818407e-06,35,2.2096615240477464e-06,76,3.489634042078007e-06,23,4.389141264511598e-06,28,4.51068129330254e-06,23,4.389141264511598e-06,28,4.51068129330254e-06,51,1.2586548252420708e-06,69,3.1387319522912743e-06,71,4.441088955011769e-06,23,4.389141264511598e-06,23,4.389141264511598e-06,23,4.389141264511598e-06,45,2.6649539895693702e-06,70,3.714986254550858e-06,70,269180.0,51,794499.0,35,452558.0,51,794499.0,23,227835.0,70,269180.0,35,452558.0,76,286563.0,28,221696.0,35,452558.0,76,286563.0,69,318600.0,23,227835.0,23,227835.0,23,227835.0,35,452558.0,23,227835.0,51,794499.0,70,269180.0,23,227835.0,23,227835.0,51,794499.0,23,227835.0,23,227835.0,45,375241.0,23,227835.0,35,452558.0,45,375241.0,35,452558.0,23,227835.0,28,221696.0,23,227835.0,51,794499.0,23,227835.0,28,221696.0
48,83,4.379299925113971e-06,76,3.489634042078007e-06,45,2.6649539895693702e-06,51,1.2586548252420708e-06,76,3.489634042078007e-06,35,2.2096615240477464e-06,23,4.389141264511598e-06,83,4.379299925113971e-06,23,4.389141264511598e-06,23,4.389141264511598e-06,76,3.489634042078007e-06,51,1.2586548252420708e-06,83,4.379299925113971e-06,23,4.389141264511598e-06,23,4.389141264511598e-06,45,375241.0,83,228347.0,83,228347.0,23,227835.0,70,269180.0,51,794499.0,69,318600.0,35,452558.0,71,225170.0,23,227835.0,23,227835.0,51,794499.0,35,452558.0,70,269180.0,83,228347.0,76,286563.0,71,225170.0,23,227835.0,51,794499.0,83,228347.0,69,318600.0,70,269180.0,51,794499.0,51,794499.0,23,227835.0,70,269180.0,30,91681.0,23,227835.0,23,227835.0,76,286563.0,76,286563.0,42,252642.00000000003,23,227835.0,35,452558.0,76,286563.0
49,28,4.51068129330254e-06,23,4.389141264511598e-06,23,4.389141264511598e-06,83,4.379299925113971e-06,23,4.389141264511598e-06,83,4.379299925113971e-06,69,3.1387319522912743e-06,30,1.0907385390648008e-05,45,2.6649539895693702e-06,35,2.2096615240477464e-06,30,1.0907385390648008e-05,83,4.379299925113971e-06,42,3.958170058818407e-06,69,3.1387319522912743e-06,35,2.2096615240477464e-06,23,227835.0,30,91681.0,30,91681.0,42,252642.00000000003,51,794499.0,23,227835.0,83,228347.0,23,227835.0,45,375241.0,83,228347.0,51,794499.0,30,91681.0,83,228347.0,42,252642.00000000003,70,269180.0,23,227835.0,30,91681.0,76,286563.0,23,227835.0,69,318600.0,45,375241.0,30,91681.0,70,269180.0,83,228347.0,35,452558.0,83,228347.0,83,228347.0,35,452558.0,70,269180.0,30,91681.0,23,227835.0,83,228347.0,70,269180.0,30,91681.0,23,227835.0
50,30,1.0907385390648008e-05,30,1.0907385390648008e-05,35,2.2096615240477464e-06,30,1.0907385390648008e-05,51,1.2586548252420708e-06,30,1.0907385390648008e-05,51,1.2586548252420708e-06,78,2.278407757522733e-06,76,3.489634042078007e-06,83,4.379299925113971e-06,42,3.958170058818407e-06,30,1.0907385390648008e-05,30,1.0907385390648008e-05,30,1.0907385390648008e-05,83,4.379299925113971e-06,35,452558.0,69,318600.0,69,318600.0,83,228347.0,30,91681.0,83,228347.0,30,91681.0,83,228347.0,23,227835.0,70,269180.0,30,91681.0,83,228347.0,30,91681.0,30,91681.0,51,794499.0,30,91681.0,51,794499.0,30,91681.0,83,228347.0,42,252642.00000000003,30,91681.0,83,228347.0,83,228347.0,30,91681.0,83,228347.0,51,794499.0,68,328254.5,70,269180.0,83,228347.0,51,794499.0,51,794499.0,69,318600.0,42,252642.00000000003,83,228347.0,51,794499.0
51,78,2.278407757522733e-06,83,4.379299925113971e-06,83,4.379299925113971e-06,70,3.714986254550858e-06,70,3.714986254550858e-06,69,3.1387319522912743e-06,83,4.379299925113971e-06,68,3.0464167284835396e-06,30,1.0907385390648008e-05,30,1.0907385390648008e-05,83,4.379299925113971e-06,78,2.278407757522733e-06,78,2.278407757522733e-06,83,4.379299925113971e-06,30,1.0907385390648008e-05,83,228347.0,42,252642.00000000003,78,438902.99999999994,30,91681.0,83,228347.0,30,91681.0,51,794499.0,30,91681.0,83,228347.0,30,91681.0,83,228347.0,42,252642.00000000003,68,328254.5,83,228347.0,30,91681.0,83,228347.0,83,228347.0,42,252642.00000000003,30,91681.0,30,91681.0,83,228347.0,42,252642.00000000003,30,91681.0,42,252642.00000000003,30,91681.0,30,91681.0,13,239057.0,30,91681.0,51,794499.0,83,228347.0,30,91681.0,30,91681.0,30,91681.0,69,318600.0,30,91681.0
52,43,1.8306982466182429e-06,42,3.958170058818407e-06,30,1.0907385390648008e-05,42,3.958170058818407e-06,30,1.0907385390648008e-05,78,2.278407757522733e-06,30,1.0907385390648008e-05,42,3.958170058818407e-06,35,2.2096615240477464e-06,78,2.278407757522733e-06,69,3.1387319522912743e-06,32,8.11971710905592e-06,69,3.1387319522912743e-06,51,1.2586548252420708e-06,69,3.1387319522912743e-06,30,91681.0,78,438902.99999999994,13,239057.0,70,269180.0,42,252642.00000000003,42,252642.00000000003,78,438902.99999999994,51,794499.0,30,91681.0,42,252642.00000000003,42,252642.00000000003,32,123157.00000000001,78,438902.99999999994,43,546239.6666666666,78,438902.99999999994,42,252642.00000000003,32,123157.00000000001,83,228347.0,42,252642.00000000003,78,438902.99999999994,32,123157.00000000001,32,123157.00000000001,42,252642.00000000003,68,328254.5,69,318600.0,42,252642.00000000003,42,252642.00000000003,83,228347.0,30,91681.0,32,123157.00000000001,83,228347.0,43,546239.6666666666,83,228347.0,51,794499.0,83,228347.0
53,69,3.1387319522912743e-06,69,3.1387319522912743e-06,69,3.1387319522912743e-06,78,2.278407757522733e-06,83,4.379299925113971e-06,32,8.11971710905592e-06,42,3.958170058818407e-06,32,8.11971710905592e-06,83,4.379299925113971e-06,69,3.1387319522912743e-06,43,1.8306982466182429e-06,42,3.958170058818407e-06,43,1.8306982466182429e-06,32,8.11971710905592e-06,78,2.278407757522733e-06,69,318600.0,13,239057.0,42,252642.00000000003,43,546239.6666666666,69,318600.0,78,438902.99999999994,32,123157.00000000001,69,318600.0,70,269180.0,78,438902.99999999994,68,328254.5,78,438902.99999999994,13,239057.0,32,123157.00000000001,69,318600.0,70,269180.0,42,252642.00000000003,69,318600.0,69,318600.0,43,546239.6666666666,51,794499.0,78,438902.99999999994,69,318600.0,13,239057.0,13,239057.0,69,318600.0,82,234879.00000000003,51,794499.0,69,318600.0,42,252642.00000000003,69,318600.0,78,438902.99999999994,43,546239.6666666666,32,123157.00000000001,69,318600.0
54,82,4.2575113143363175e-06,78,2.278407757522733e-06,78,2.278407757522733e-06,13,4.1831027746520704e-06,42,3.958170058818407e-06,42,3.958170058818407e-06,68,3.0464167284835396e-06,82,4.2575113143363175e-06,32,8.11971710905592e-06,32,8.11971710905592e-06,32,8.11971710905592e-06,68,3.0464167284835396e-06,13,4.1831027746520704e-06,42,3.958170058818407e-06,13,4.1831027746520704e-06,13,239057.0,82,234879.00000000003,32,123157.00000000001,13,239057.0,13,239057.0,32,123157.00000000001,68,328254.5,78,438902.99999999994,51,794499.0,69,318600.0,32,123157.00000000001,13,239057.0,51,794499.0,82,234879.00000000003,42,252642.00000000003,13,239057.0,68,328254.5,78,438902.99999999994,78,438902.99999999994,68,328254.5,68,328254.5,43,546239.6666666666,78,438902.99999999994,82,234879.00000000003,82,234879.00000000003,82,234879.00000000003,32,123157.00000000001,32,123157.00000000001,78,438902.99999999994,68,328254.5,42,252642.00000000003,13,239057.0,32,123157.00000000001,78,438902.99999999994,42,252642.00000000003
55,13,4.1831027746520704e-06,32,8.11971710905592e-06,32,8.11971710905592e-06,69,3.1387319522912743e-06,69,3.1387319522912743e-06,13,4.1831027746520704e-06,13,4.1831027746520704e-06,13,4.1831027746520704e-06,68,3.0464167284835396e-06,42,3.958170058818407e-06,78,2.278407757522733e-06,82,4.2575113143363175e-06,82,4.2575113143363175e-06,68,3.0464167284835396e-06,42,3.958170058818407e-06,82,234879.00000000003,32,123157.00000000001,82,234879.00000000003,78,438902.99999999994,78,438902.99999999994,68,328254.5,42,252642.00000000003,32,123157.00000000001,13,239057.0,13,239057.0,43,546239.6666666666,68,328254.5,32,123157.00000000001,13,239057.0,13,239057.0,78,438902.99999999994,82,234879.00000000003,13,239057.0,13,239057.0,82,234879.00000000003,78,438902.99999999994,68,328254.5,13,239057.0,43,546239.6666666666,42,252642.00000000003,13,239057.0,78,438902.99999999994,69,318600.0,13,239057.0,13,239057.0,32,123157.00000000001,82,234879.00000000003,78,438902.99999999994,13,239057.0,78,438902.99999999994
56,68,3.0464167284835396e-06,43,1.8306982466182429e-06,42,3.958170058818407e-06,43,1.8306982466182429e-06,78,2.278407757522733e-06,82,4.2575113143363175e-06,82,4.2575113143363175e-06,43,1.8306982466182429e-06,78,2.278407757522733e-06,82,4.2575113143363175e-06,13,4.1831027746520704e-06,13,4.1831027746520704e-06,32,8.11971710905592e-06,13,4.1831027746520704e-06,82,4.2575113143363175e-06,42,252642.00000000003,43,546239.6666666666,34,38893.0,69,318600.0,32,123157.00000000001,43,546239.6666666666,82,234879.00000000003,42,252642.00000000003,69,318600.0,82,234879.00000000003,78,438902.99999999994,82,234879.00000000003,82,234879.00000000003,68,328254.5,82,234879.00000000003,32,123157.00000000001,13,239057.0,43,546239.6666666666,82,234879.00000000003,13,239057.0,13,239057.0,13,239057.0,43,546239.6666666666,32,123157.00000000001,68,328254.5,78,438902.99999999994,43,546239.6666666666,13,239057.0,42,252642.00000000003,82,234879.00000000003,82,234879.00000000003,68,328254.5,69,318600.0,68,328254.5,32,123157.00000000001
57,47,1.3897304478823288e-06,13,4.1831027746520704e-06,82,4.2575113143363175e-06,82,4.2575113143363175e-06,13,4.1831027746520704e-06,68,3.0464167284835396e-06,43,1.8306982466182429e-06,34,2.5711567634278663e-05,13,4.1831027746520704e-06,13,4.1831027746520704e-06,68,3.0464167284835396e-06,43,1.8306982466182429e-06,68,3.0464167284835396e-06,82,4.2575113143363175e-06,32,8.11971710905592e-06,32,123157.00000000001,34,38893.0,43,546239.6666666666,32,123157.00000000001,43,546239.6666666666,82,234879.00000000003,13,239057.0,82,234879.00000000003,82,234879.00000000003,43,546239.6666666666,13,239057.0,43,546239.6666666666,42,252642.00000000003,47,719564.0,32,123157.00000000001,43,546239.6666666666,43,546239.6666666666,32,123157.00000000001,43,546239.6666666666,32,123157.00000000001,82,234879.00000000003,82,234879.00000000003,82,234879.00000000003,78,438902.99999999994,32,123157.00000000001,32,123157.00000000001,34,38893.0,82,234879.00000000003,82,234879.00000000003,34,38893.0,13,239057.0,47,719564.0,13,239057.0,82,234879.00000000003,13,239057.0
58,32,8.11971710905592e-06,82,4.2575113143363175e-06,13,4.1831027746520704e-06,32,8.11971710905592e-06,43,1.8306982466182429e-06,43,1.8306982466182429e-06,32,8.11971710905592e-06,22,1.369867705026387e-05,42,3.958170058818407e-06,68,3.0464167284835396e-06,82,4.2575113143363175e-06,34,2.5711567634278663e-05,47,1.3897304478823288e-06,43,1.8306982466182429e-06,68,3.0464167284835396e-06,78,438902.99999999994,22,72999.75,22,72999.75,82,234879.00000000003,82,234879.00000000003,13,239057.0,34,38893.0,13,239057.0,42,252642.00000000003,32,123157.00000000001,82,234879.00000000003,34,38893.0,34,38893.0,34,38893.0,43,546239.6666666666,82,234879.00000000003,34,38893.0,82,234879.00000000003,32,123157.00000000001,47,719564.0,42,252642.00000000003,34,38893.0,32,123157.00000000001,34,38893.0,78,438902.99999999994,43,546239.6666666666,22,72999.75,42,252642.00000000003,32,123157.00000000001,47,719564.0,43,546239.6666666666,32,123157.00000000001,82,234879.00000000003,42,252642.00000000003,82,234879.00000000003
59,34,2.5711567634278663e-05,68,3.0464167284835396e-06,68,3.0464167284835396e-06,34,2.5711567634278663e-05,32,8.11971710905592e-06,34,2.5711567634278663e-05,34,2.5711567634278663e-05,47,1.3897304478823288e-06,82,4.2575113143363175e-06,43,1.8306982466182429e-06,47,1.3897304478823288e-06,22,1.369867705026387e-05,22,1.369867705026387e-05,34,2.5711567634278663e-05,43,1.8306982466182429e-06,68,328254.5,47,719564.0,64,300244.0,47,719564.0,34,38893.0,34,38893.0,43,546239.6666666666,68,328254.5,32,123157.00000000001,68,328254.5,34,38893.0,22,72999.75,64,300244.0,22,72999.75,34,38893.0,34,38893.0,22,72999.75,34,38893.0,68,328254.5,34,38893.0,34,38893.0,47,719564.0,68,328254.5,47,719564.0,43,546239.6666666666,34,38893.0,64,300244.0,78,438902.99999999994,43,546239.6666666666,22,72999.75,68,328254.5,34,38893.0,47,719564.0,34,38893.0,43,546239.6666666666
60,22,1.369867705026387e-05,34,2.5711567634278663e-05,43,1.8306982466182429e-06,47,1.3897304478823288e-06,82,4.2575113143363175e-06,22,1.369867705026387e-05,47,1.3897304478823288e-06,64,3.330624425467287e-06,34,2.5711567634278663e-05,34,2.5711567634278663e-05,34,2.5711567634278663e-05,64,3.330624425467287e-06,34,2.5711567634278663e-05,22,1.369867705026387e-05,34,2.5711567634278663e-05,34,38893.0,64,300244.0,47,719564.0,34,38893.0,68,328254.5,47,719564.0,22,72999.75,43,546239.6666666666,43,546239.6666666666,22,72999.75,47,719564.0,64,300244.0,43,546239.6666666666,64,300244.0,68,328254.5,22,72999.75,47,719564.0,47,719564.0,47,719564.0,22,72999.75,22,72999.75,22,72999.75,34,38893.0,22,72999.75,34,38893.0,22,72999.75,47,719564.0,34,38893.0,68,328254.5,64,300244.0,78,438902.99999999994,22,72999.75,34,38893.0,22,72999.75,68,328254.5
61,64,3.330624425467287e-06,47,1.3897304478823288e-06,34,2.5711567634278663e-05,22,1.369867705026387e-05,68,3.0464167284835396e-06,47,1.3897304478823288e-06,64,3.330624425467287e-06,62,7.53778313797912e-06,22,1.369867705026387e-05,22,1.369867705026387e-05,22,1.369867705026387e-05,47,1.3897304478823288e-06,62,7.53778313797912e-06,47,1.3897304478823288e-06,22,1.369867705026387e-05,43,546239.6666666666,62,132665.0,62,132665.0,22,72999.75,47,719564.0,22,72999.75,64,300244.0,34,38893.0,22,72999.75,47,719564.0,64,300244.0,14,96190.4,22,72999.75,52,701140.0,22,72999.75,47,719564.0,64,300244.0,68,328254.5,34,38893.0,64,300244.0,43,546239.6666666666,64,300244.0,47,719564.0,64,300244.0,22,72999.75,47,719564.0,62,132665.0,68,328254.5,34,38893.0,62,132665.0,34,38893.0,52,701140.0,68,328254.5,43,546239.6666666666,34,38893.0
62,52,1.4262486807199704e-06,22,1.369867705026387e-05,22,1.369867705026387e-05,68,3.0464167284835396e-06,34,2.5711567634278663e-05,62,7.53778313797912e-06,22,1.369867705026387e-05,41,6.1114608224803975e-06,64,3.330624425467287e-06,47,1.3897304478823288e-06,41,6.1114608224803975e-06,41,6.1114608224803975e-06,52,1.4262486807199704e-06,64,3.330624425467287e-06,47,1.3897304478823288e-06,22,72999.75,14,96190.4,14,96190.4,68,328254.5,22,72999.75,64,300244.0,47,719564.0,22,72999.75,78,438902.99999999994,34,38893.0,52,701140.0,62,132665.0,62,132665.0,62,132665.0,47,719564.0,64,300244.0,41,163627.0,22,72999.75,22,72999.75,52,701140.0,64,300244.0,14,96190.4,22,72999.75,62,132665.0,64,300244.0,64,300244.0,14,96190.4,43,546239.6666666666,22,72999.75,41,163627.0,22,72999.75,64,300244.0,22,72999.75,64,300244.0,22,72999.75
63,14,1.0396047838453734e-05,64,3.330624425467287e-06,64,3.330624425467287e-06,14,1.0396047838453734e-05,47,1.3897304478823288e-06,41,6.1114608224803975e-06,62,7.53778313797912e-06,65,4.838046396864946e-06,47,1.3897304478823288e-06,62,7.53778313797912e-06,64,3.330624425467287e-06,62,7.53778313797912e-06,14,1.0396047838453734e-05,62,7.53778313797912e-06,64,3.330624425467287e-06,64,300244.0,65,206695.0,65,206695.0,52,701140.0,64,300244.0,62,132665.0,65,206695.0,64,300244.0,68,328254.5,62,132665.0,22,72999.75,52,701140.0,47,719564.0,14,96190.4,62,132665.0,62,132665.0,62,132665.0,64,300244.0,62,132665.0,62,132665.0,41,163627.0,62,132665.0,41,163627.0,14,96190.4,47,719564.0,62,132665.0,65,206695.0,22,72999.75,47,719564.0,52,701140.0,47,719564.0,62,132665.0,14,96190.4,14,96190.4,47,719564.0
64,65,4.838046396864946e-06,14,1.0396047838453734e-05,47,1.3897304478823288e-06,41,6.1114608224803975e-06,22,1.369867705026387e-05,14,1.0396047838453734e-05,14,1.0396047838453734e-05,14,1.0396047838453734e-05,41,6.1114608224803975e-06,41,6.1114608224803975e-06,52,1.4262486807199704e-06,14,1.0396047838453734e-05,65,4.838046396864946e-06,14,1.0396047838453734e-05,62,7.53778313797912e-06,47,719564.0,52,701140.0,41,163627.0,14,96190.4,14,96190.4,14,96190.4,41,163627.0,47,719564.0,34,38893.0,14,96190.4,62,132665.0,65,206695.0,41,163627.0,65,206695.0,14,96190.4,14,96190.4,14,96190.4,14,96190.4,14,96190.4,14,96190.4,47,719564.0,52,701140.0,62,132665.0,52,701140.0,14,96190.4,14,96190.4,12,145224.0,41,163627.0,41,163627.0,65,206695.0,64,300244.0,14,96190.4,41,163627.0,47,719564.0,64,300244.0
65,74,1.8217955981774756e-06,62,7.53778313797912e-06,62,7.53778313797912e-06,52,1.4262486807199704e-06,41,6.1114608224803975e-06,65,4.838046396864946e-06,65,4.838046396864946e-06,52,1.4262486807199704e-06,62,7.53778313797912e-06,65,4.838046396864946e-06,14,1.0396047838453734e-05,74,1.8217955981774756e-06,12,6.885914173965735e-06,65,4.838046396864946e-06,14,1.0396047838453734e-05,14,96190.4,12,145224.0,74,548909.0,62,132665.0,62,132665.0,52,701140.0,62,132665.0,41,163627.0,47,719564.0,65,206695.0,41,163627.0,41,163627.0,14,96190.4,12,145224.0,41,163627.0,65,206695.0,65,206695.0,52,701140.0,52,701140.0,65,206695.0,62,132665.0,41,163627.0,14,96190.4,65,206695.0,62,132665.0,65,206695.0,61,120257.0,47,719564.0,62,132665.0,14,96190.4,14,96190.4,12,145224.0,52,701140.0,41,163627.0,41,163627.0
66,12,6.885914173965735e-06,52,1.4262486807199704e-06,14,1.0396047838453734e-05,62,7.53778313797912e-06,14,1.0396047838453734e-05,74,1.8217955981774756e-06,52,1.4262486807199704e-06,74,1.8217955981774756e-06,14,1.0396047838453734e-05,14,1.0396047838453734e-05,62,7.53778313797912e-06,52,1.4262486807199704e-06,74,1.8217955981774756e-06,12,6.885914173965735e-06,41,6.1114608224803975e-06,62,132665.0,61,120257.0,12,145224.0,41,163627.0,41,163627.0,65,206695.0,14,96190.4,14,96190.4,14,96190.4,52,701140.0,14,96190.4,12,145224.0,65,206695.0,74,548909.0,74,548909.0,52,701140.0,52,701140.0,41,163627.0,65,206695.0,74,548909.0,14,96190.4,65,206695.0,52,701140.0,41,163627.0,41,163627.0,52,701140.0,52,701140.0,14,96190.4,14,96190.4,49,437082.00000000006,62,132665.0,49,437082.00000000006,62,132665.0,62,132665.0,14,96190.4
67,62,7.53778313797912e-06,41,6.1114608224803975e-06,65,4.838046396864946e-06,12,6.885914173965735e-06,52,1.4262486807199704e-06,61,8.315524252226482e-06,74,1.8217955981774756e-06,44,2.2228248547383958e-06,65,4.838046396864946e-06,74,1.8217955981774756e-06,49,2.2879002109443992e-06,61,8.315524252226482e-06,49,2.2879002109443992e-06,61,8.315524252226482e-06,52,1.4262486807199704e-06,41,163627.0,74,548909.0,52,701140.0,49,437082.00000000006,12,145224.0,41,163627.0,74,548909.0,62,132665.0,41,163627.0,12,145224.0,65,206695.0,74,548909.0,74,548909.0,41,163627.0,65,206695.0,41,163627.0,74,548909.0,62,132665.0,12,145224.0,49,437082.00000000006,65,206695.0,12,145224.0,65,206695.0,12,145224.0,65,206695.0,41,163627.0,41,163627.0,62,132665.0,65,206695.0,44,449878.0,41,163627.0,65,206695.0,49,437082.00000000006,12,145224.0,52,701140.0
68,41,6.1114608224803975e-06,12,6.885914173965735e-06,12,6.885914173965735e-06,74,1.8217955981774756e-06,62,7.53778313797912e-06,12,6.885914173965735e-06,41,6.1114608224803975e-06,12,6.885914173965735e-06,52,1.4262486807199704e-06,61,8.315524252226482e-06,12,6.885914173965735e-06,44,2.2228248547383958e-06,41,6.1114608224803975e-06,74,1.8217955981774756e-06,65,4.838046396864946e-06,12,145224.0,41,163627.0,61,120257.0,12,145224.0,65,206695.0,74,548909.0,61,120257.0,74,548909.0,62,132665.0,74,548909.0,49,437082.00000000006,61,120257.0,12,145224.0,61,120257.0,12,145224.0,12,145224.0,44,449878.0,12,145224.0,74,548909.0,41,163627.0,12,145224.0,49,437082.00000000006,12,145224.0,74,548909.0,12,145224.0,12,145224.0,74,548909.0,61,120257.0,52,701140.0,12,145224.0,52,701140.0,74,548909.0,12,145224.0,65,206695.0,62,132665.0
69,61,8.315524252226482e-06,65,4.838046396864946e-06,41,6.1114608224803975e-06,65,4.838046396864946e-06,65,4.838046396864946e-06,52,1.4262486807199704e-06,12,6.885914173965735e-06,61,8.315524252226482e-06,44,2.2228248547383958e-06,52,1.4262486807199704e-06,65,4.838046396864946e-06,12,6.885914173965735e-06,61,8.315524252226482e-06,52,1.4262486807199704e-06,12,6.885914173965735e-06,65,206695.0,49,437082.00000000006,44,449878.0,65,206695.0,74,548909.0,12,145224.0,12,145224.0,12,145224.0,12,145224.0,41,163627.0,61,120257.0,44,449878.0,61,120257.0,60,207474.0,61,120257.0,61,120257.0,12,145224.0,74,548909.0,41,163627.0,12,145224.0,61,120257.0,61,120257.0,74,548909.0,61,120257.0,74,548909.0,74,548909.0,44,449878.0,12,145224.0,12,145224.0,61,120257.0,65,206695.0,41,163627.0,65,206695.0,74,548909.0,12,145224.0
70,60,4.819881045335801e-06,49,2.2879002109443992e-06,74,1.8217955981774756e-06,44,2.2228248547383958e-06,12,6.885914173965735e-06,44,2.2228248547383958e-06,61,8.315524252226482e-06,60,4.819881045335801e-06,61,8.315524252226482e-06,12,6.885914173965735e-06,74,1.8217955981774756e-06,65,4.838046396864946e-06,44,2.2228248547383958e-06,41,6.1114608224803975e-06,74,1.8217955981774756e-06,74,548909.0,44,449878.0,60,207474.0,44,449878.0,44,449878.0,49,437082.00000000006,52,701140.0,65,206695.0,65,206695.0,61,120257.0,12,145224.0,60,207474.0,60,207474.0,44,449878.0,44,449878.0,49,437082.00000000006,61,120257.0,61,120257.0,49,437082.00000000006,61,120257.0,74,548909.0,74,548909.0,61,120257.0,44,449878.0,52,701140.0,61,120257.0,49,437082.00000000006,65,206695.0,74,548909.0,60,207474.0,12,145224.0,61,120257.0,61,120257.0,44,449878.0,74,548909.0
71,73,2.0999712303941437e-06,61,8.315524252226482e-06,61,8.315524252226482e-06,61,8.315524252226482e-06,61,8.315524252226482e-06,49,2.2879002109443992e-06,60,4.819881045335801e-06,25,6.793385959429899e-06,12,6.885914173965735e-06,44,2.2228248547383958e-06,44,2.2228248547383958e-06,60,4.819881045335801e-06,60,4.819881045335801e-06,44,2.2228248547383958e-06,61,8.315524252226482e-06,61,120257.0,60,207474.0,25,147202.0,61,120257.0,61,120257.0,61,120257.0,60,207474.0,44,449878.0,52,701140.0,60,207474.0,74,548909.0,25,147202.0,52,701140.0,73,476196.99999999994,60,207474.0,60,207474.0,49,437082.00000000006,44,449878.0,61,120257.0,60,207474.0,44,449878.0,44,449878.0,60,207474.0,60,207474.0,44,449878.0,49,437082.00000000006,60,207474.0,52,701140.0,61,120257.0,25,147202.0,49,437082.00000000006,44,449878.0,74,548909.0,52,701140.0,61,120257.0
72,25,6.793385959429899e-06,44,2.2228248547383958e-06,49,2.2879002109443992e-06,25,6.793385959429899e-06,44,2.2228248547383958e-06,60,4.819881045335801e-06,25,6.793385959429899e-06,73,2.0999712303941437e-06,49,2.2879002109443992e-06,49,2.2879002109443992e-06,61,8.315524252226482e-06,25,6.793385959429899e-06,25,6.793385959429899e-06,60,4.819881045335801e-06,44,2.2228248547383958e-06,52,701140.0,25,147202.0,73,476196.99999999994,25,147202.0,25,147202.0,44,449878.0,44,449878.0,49,437082.00000000006,44,449878.0,25,147202.0,44,449878.0,63,252077.0,44,449878.0,25,147202.0,73,476196.99999999994,44,449878.0,60,207474.0,65,206695.0,44,449878.0,25,147202.0,52,701140.0,60,207474.0,44,449878.0,25,147202.0,61,120257.0,60,207474.0,25,147202.0,44,449878.0,44,449878.0,73,476196.99999999994,61,120257.0,60,207474.0,44,449878.0,61,120257.0,49,437082.00000000006
73,63,3.967041816587789e-06,60,4.819881045335801e-06,60,4.819881045335801e-06,60,4.819881045335801e-06,60,4.819881045335801e-06,25,6.793385959429899e-06,73,2.0999712303941437e-06,58,3.8019705613419434e-06,60,4.819881045335801e-06,60,4.819881045335801e-06,25,6.793385959429899e-06,73,2.0999712303941437e-06,73,2.0999712303941437e-06,25,6.793385959429899e-06,60,4.819881045335801e-06,44,449878.0,73,476196.99999999994,58,263021.5,60,207474.0,60,207474.0,60,207474.0,25,147202.0,61,120257.0,74,548909.0,63,252077.0,60,207474.0,73,476196.99999999994,25,147202.0,63,252077.0,25,147202.0,25,147202.0,25,147202.0,25,147202.0,60,207474.0,73,476196.99999999994,60,207474.0,25,147202.0,25,147202.0,73,476196.99999999994,49,437082.00000000006,25,147202.0,73,476196.99999999994,60,207474.0,49,437082.00000000006,58,263021.5,44,449878.0,73,476196.99999999994,60,207474.0,25,147202.0,65,206695.0
74,57,7.5391470209060545e-06,25,6.793385959429899e-06,25,6.793385959429899e-06,73,2.0999712303941437e-06,25,6.793385959429899e-06,58,3.8019705613419434e-06,58,3.8019705613419434e-06,63,3.967041816587789e-06,25,6.793385959429899e-06,25,6.793385959429899e-06,60,4.819881045335801e-06,58,3.8019705613419434e-06,58,3.8019705613419434e-06,73,2.0999712303941437e-06,25,6.793385959429899e-06,60,207474.0,58,263021.5,63,252077.0,73,476196.99999999994,58,263021.5,25,147202.0,49,437082.00000000006,25,147202.0,61,120257.0,73,476196.99999999994,58,263021.5,58,263021.5,73,476196.99999999994,57,132641.0,63,252077.0,73,476196.99999999994,73,476196.99999999994,60,207474.0,25,147202.0,58,263021.5,25,147202.0,58,263021.5,63,252077.0,63,252077.0,25,147202.0,63,252077.0,58,263021.5,25,147202.0,60,207474.0,63,252077.0,60,207474.0,25,147202.0,25,147202.0,60,207474.0,25,147202.0
75,67,1.2195657370323576e-06,73,2.0999712303941437e-06,58,3.8019705613419434e-06,58,3.8019705613419434e-06,73,2.0999712303941437e-06,73,2.0999712303941437e-06,63,3.967041816587789e-06,57,7.5391470209060545e-06,58,3.8019705613419434e-06,73,2.0999712303941437e-06,58,3.8019705613419434e-06,57,7.5391470209060545e-06,63,3.967041816587789e-06,58,3.8019705613419434e-06,73,2.0999712303941437e-06,25,147202.0,63,252077.0,57,132641.0,58,263021.5,63,252077.0,73,476196.99999999994,73,476196.99999999994,60,207474.0,25,147202.0,58,263021.5,25,147202.0,57,132641.0,58,263021.5,67,819964.0,57,132641.0,58,263021.5,58,263021.5,58,263021.5,73,476196.99999999994,63,252077.0,49,437082.00000000006,73,476196.99999999994,73,476196.99999999994,58,263021.5,60,207474.0,73,476196.99999999994,63,252077.0,73,476196.99999999994,25,147202.0,57,132641.0,25,147202.0,63,252077.0,58,263021.5,58,263021.5,60,207474.0
76,54,2.461780852268531e-05,63,3.967041816587789e-06,73,2.0999712303941437e-06,57,7.5391470209060545e-06,58,3.8019705613419434e-06,57,7.5391470209060545e-06,57,7.5391470209060545e-06,67,1.2195657370323576e-06,73,2.0999712303941437e-06,58,3.8019705613419434e-06,57,7.5391470209060545e-06,63,3.967041816587789e-06,57,7.5391470209060545e-06,63,3.967041816587789e-06,57,7.5391470209060545e-06,73,476196.99999999994,57,132641.0,54,40621.0,57,132641.0,57,132641.0,58,263021.5,58,263021.5,73,476196.99999999994,49,437082.00000000006,57,132641.0,63,252077.0,54,40621.0,63,252077.0,54,40621.0,67,819964.0,63,252077.0,57,132641.0,57,132641.0,58,263021.5,57,132641.0,58,263021.5,57,132641.0,58,263021.5,57,132641.0,73,476196.99999999994,58,263021.5,57,132641.0,58,263021.5,73,476196.99999999994,67,819964.0,73,476196.99999999994,58,263021.5,63,252077.0,73,476196.99999999994,58,263021.5
77,38,2.254064642065805e-06,57,7.5391470209060545e-06,57,7.5391470209060545e-06,63,3.967041816587789e-06,63,3.967041816587789e-06,63,3.967041816587789e-06,54,2.461780852268531e-05,54,2.461780852268531e-05,57,7.5391470209060545e-06,63,3.967041816587789e-06,63,3.967041816587789e-06,67,1.2195657370323576e-06,67,1.2195657370323576e-06,57,7.5391470209060545e-06,63,3.967041816587789e-06,57,132641.0,54,40621.0,67,819964.0,63,252077.0,38,443643.0,63,252077.0,63,252077.0,58,263021.5,60,207474.0,54,40621.0,57,132641.0,38,443643.0,57,132641.0,38,443643.0,54,40621.0,57,132641.0,63,252077.0,63,252077.0,63,252077.0,54,40621.0,73,476196.99999999994,63,252077.0,57,132641.0,54,40621.0,58,263021.5,57,132641.0,54,40621.0,57,132641.0,58,263021.5,54,40621.0,58,263021.5,57,132641.0,57,132641.0,57,132641.0,57,132641.0
78,19,7.72302155495316e-06,54,2.461780852268531e-05,63,3.967041816587789e-06,19,7.72302155495316e-06,57,7.5391470209060545e-06,54,2.461780852268531e-05,67,1.2195657370323576e-06,19,7.72302155495316e-06,63,3.967041816587789e-06,57,7.5391470209060545e-06,54,2.461780852268531e-05,54,2.461780852268531e-05,54,2.461780852268531e-05,54,2.461780852268531e-05,54,2.461780852268531e-05,63,252077.0,67,819964.0,19,129482.99999999999,19,129482.99999999999,54,40621.0,57,132641.0,57,132641.0,57,132641.0,58,263021.5,38,443643.0,54,40621.0,19,129482.99999999999,54,40621.0,19,129482.99999999999,19,129482.99999999999,54,40621.0,54,40621.0,67,819964.0,57,132641.0,67,819964.0,57,132641.0,54,40621.0,54,40621.0,38,443643.0,57,132641.0,54,40621.0,38,443643.0,54,40621.0,57,132641.0,19,129482.99999999999,63,252077.0,38,443643.0,54,40621.0,54,40621.0,54,40621.0
79,24,7.113691009717302e-06,19,7.72302155495316e-06,54,2.461780852268531e-05,54,2.461780852268531e-05,67,1.2195657370323576e-06,38,2.254064642065805e-06,19,7.72302155495316e-06,38,2.254064642065805e-06,54,2.461780852268531e-05,38,2.254064642065805e-06,38,2.254064642065805e-06,19,7.72302155495316e-06,19,7.72302155495316e-06,38,2.254064642065805e-06,19,7.72302155495316e-06,54,40621.0,19,129482.99999999999,38,443643.0,54,40621.0,19,129482.99999999999,54,40621.0,54,40621.0,54,40621.0,73,476196.99999999994,19,129482.99999999999,67,819964.0,24,140574.0,19,129482.99999999999,24,140574.0,38,443643.0,19,129482.99999999999,59,180293.0,19,129482.99999999999,54,40621.0,19,129482.99999999999,54,40621.0,19,129482.99999999999,38,443643.0,19,129482.99999999999,38,443643.0,24,140574.0,19,129482.99999999999,63,252077.0,63,252077.0,38,443643.0,57,132641.0,54,40621.0,38,443643.0,63,252077.0,63,252077.0
80,59,5.546527042092594e-06,59,5.546527042092594e-06,19,7.72302155495316e-06,24,7.113691009717302e-06,54,2.461780852268531e-05,59,5.546527042092594e-06,24,7.113691009717302e-06,59,5.546527042092594e-06,24,7.113691009717302e-06,54,2.461780852268531e-05,19,7.72302155495316e-06,38,2.254064642065805e-06,38,2.254064642065805e-06,18,7.058009782401558e-06,24,7.113691009717302e-06,19,129482.99999999999,24,140574.0,24,140574.0,24,140574.0,24,140574.0,19,129482.99999999999,24,140574.0,63,252077.0,57,132641.0,24,140574.0,19,129482.99999999999,59,180293.0,67,819964.0,59,180293.0,59,180293.0,38,443643.0,24,140574.0,59,180293.0,19,129482.99999999999,59,180293.0,63,252077.0,59,180293.0,19,129482.99999999999,24,140574.0,54,40621.0,19,129482.99999999999,24,140574.0,24,140574.0,54,40621.0,59,180293.0,54,40621.0,19,129482.99999999999,19,129482.99999999999,19,129482.99999999999,19,129482.99999999999
81,46,6.098118730371681e-06,24,7.113691009717302e-06,24,7.113691009717302e-06,46,6.098118730371681e-06,19,7.72302155495316e-06,24,7.113691009717302e-06,46,6.098118730371681e-06,24,7.113691009717302e-06,67,1.2195657370323576e-06,24,7.113691009717302e-06,24,7.113691009717302e-06,24,7.113691009717302e-06,24,7.113691009717302e-06,19,7.72302155495316e-06,59,5.546527042092594e-06,24,140574.0,59,180293.0,46,163985.0,46,163985.0,59,180293.0,24,140574.0,46,163985.0,19,129482.99999999999,54,40621.0,59,180293.0,59,180293.0,46,163985.0,24,140574.0,46,163985.0,24,140574.0,24,140574.0,19,129482.99999999999,54,40621.0,67,819964.0,24,140574.0,19,129482.99999999999,24,140574.0,24,140574.0,67,819964.0,63,252077.0,46,163985.0,67,819964.0,19,129482.99999999999,19,129482.99999999999,24,140574.0,19,129482.99999999999,24,140574.0,24,140574.0,24,140574.0,24,140574.0
82,18,7.058009782401558e-06,46,6.098118730371681e-06,46,6.098118730371681e-06,18,7.058009782401558e-06,24,7.113691009717302e-06,19,7.72302155495316e-06,38,2.254064642065805e-06,46,6.098118730371681e-06,46,6.098118730371681e-06,46,6.098118730371681e-06,46,6.098118730371681e-06,46,6.098118730371681e-06,46,6.098118730371681e-06,24,7.113691009717302e-06,46,6.098118730371681e-06,46,163985.0,46,163985.0,59,180293.0,18,141683.0,18,141683.0,59,180293.0,19,129482.99999999999,24,140574.0,19,129482.99999999999,46,163985.0,24,140574.0,18,141683.0,59,180293.0,18,141683.0,46,163985.0,59,180293.0,46,163985.0,24,140574.0,24,140574.0,46,163985.0,24,140574.0,46,163985.0,59,180293.0,59,180293.0,19,129482.99999999999,59,180293.0,46,163985.0,46,163985.0,24,140574.0,46,163985.0,24,140574.0,59,180293.0,59,180293.0,46,163985.0,46,163985.0
83,50,3.7500867207554174e-06,18,7.058009782401558e-06,59,5.546527042092594e-06,59,5.546527042092594e-06,46,6.098118730371681e-06,46,6.098118730371681e-06,59,5.546527042092594e-06,50,3.7500867207554174e-06,19,7.72302155495316e-06,19,7.72302155495316e-06,59,5.546527042092594e-06,59,5.546527042092594e-06,59,5.546527042092594e-06,59,5.546527042092594e-06,18,7.058009782401558e-06,59,180293.0,18,141683.0,18,141683.0,59,180293.0,46,163985.0,46,163985.0,59,180293.0,46,163985.0,63,252077.0,18,141683.0,46,163985.0,50,266660.5,46,163985.0,50,266660.5,50,266660.5,46,163985.0,50,266660.5,18,141683.0,46,163985.0,18,141683.0,46,163985.0,18,141683.0,46,163985.0,46,163985.0,24,140574.0,38,443643.0,59,180293.0,59,180293.0,46,163985.0,50,266660.5,46,163985.0,18,141683.0,46,163985.0,59,180293.0,59,180293.0
84,53,2.607704724378649e-06,50,3.7500867207554174e-06,18,7.058009782401558e-06,50,3.7500867207554174e-06,59,5.546527042092594e-06,50,3.7500867207554174e-06,18,7.058009782401558e-06,18,7.058009782401558e-06,59,5.546527042092594e-06,59,5.546527042092594e-06,18,7.058009782401558e-06,50,3.7500867207554174e-06,18,7.058009782401558e-06,46,6.098118730371681e-06,50,3.7500867207554174e-06,18,141683.0,50,266660.5,50,266660.5,50,266660.5,50,266660.5,18,141683.0,50,266660.5,38,443643.0,24,140574.0,50,266660.5,50,266660.5,53,383479.00000000006,18,141683.0,53,383479.00000000006,18,141683.0,18,141683.0,18,141683.0,46,163985.0,59,180293.0,50,266660.5,59,180293.0,50,266660.5,18,141683.0,18,141683.0,46,163985.0,50,266660.5,50,266660.5,38,443643.0,59,180293.0,18,141683.0,59,180293.0,46,163985.0,18,141683.0,38,443643.0,38,443643.0
85,56,2.909962839774536e-06,53,2.607704724378649e-06,50,3.7500867207554174e-06,53,2.607704724378649e-06,18,7.058009782401558e-06,53,2.607704724378649e-06,50,3.7500867207554174e-06,53,2.607704724378649e-06,50,3.7500867207554174e-06,50,3.7500867207554174e-06,50,3.7500867207554174e-06,18,7.058009782401558e-06,50,3.7500867207554174e-06,50,3.7500867207554174e-06,53,2.607704724378649e-06,50,266660.5,53,383479.00000000006,53,383479.00000000006,53,383479.00000000006,53,383479.00000000006,50,266660.5,38,443643.0,59,180293.0,46,163985.0,53,383479.00000000006,18,141683.0,56,343647.0,50,266660.5,56,343647.0,53,383479.00000000006,50,266660.5,53,383479.00000000006,50,266660.5,18,141683.0,53,383479.00000000006,18,141683.0,53,383479.00000000006,50,266660.5,50,266660.5,67,819964.0,18,141683.0,18,141683.0,50,266660.5,18,141683.0,53,383479.00000000006,18,141683.0,53,383479.00000000006,50,266660.5,18,141683.0,50,266660.5
86,27,7.8496632494466e-06,56,2.909962839774536e-06,53,2.607704724378649e-06,56,2.909962839774536e-06,50,3.7500867207554174e-06,18,7.058009782401558e-06,53,2.607704724378649e-06,56,2.909962839774536e-06,53,2.607704724378649e-06,53,2.607704724378649e-06,53,2.607704724378649e-06,53,2.607704724378649e-06,53,2.607704724378649e-06,53,2.607704724378649e-06,56,2.909962839774536e-06,53,383479.00000000006,56,343647.0,56,343647.0,56,343647.0,27,127393.99999999999,53,383479.00000000006,53,383479.00000000006,18,141683.0,18,141683.0,56,343647.0,53,383479.00000000006,27,127393.99999999999,53,383479.00000000006,27,127393.99999999999,56,343647.0,53,383479.00000000006,56,343647.0,56,343647.0,50,266660.5,56,343647.0,50,266660.5,56,343647.0,53,383479.00000000006,53,383479.00000000006,59,180293.0,53,383479.00000000006,53,383479.00000000006,18,141683.0,50,266660.5,56,343647.0,50,266660.5,56,343647.0,53,383479.00000000006,50,266660.5,18,141683.0
87,40,1.0347896272687763e-05,27,7.8496632494466e-06,56,2.909962839774536e-06,27,7.8496632494466e-06,53,2.607704724378649e-06,56,2.909962839774536e-06,56,2.909962839774536e-06,40,1.0347896272687763e-05,18,7.058009782401558e-06,18,7.058009782401558e-06,56,2.909962839774536e-06,56,2.909962839774536e-06,27,7.8496632494466e-06,56,2.909962839774536e-06,27,7.8496632494466e-06,56,343647.0,27,127393.99999999999,40,96638.0,27,127393.99999999999,40,96638.0,56,343647.0,18,141683.0,50,266660.5,59,180293.0,27,127393.99999999999,56,343647.0,40,96638.0,56,343647.0,40,96638.0,40,96638.0,56,343647.0,40,96638.0,27,127393.99999999999,53,383479.00000000006,27,127393.99999999999,53,383479.00000000006,27,127393.99999999999,56,343647.0,56,343647.0,18,141683.0,56,343647.0,56,343647.0,53,383479.00000000006,53,383479.00000000006,40,96638.0,53,383479.00000000006,27,127393.99999999999,56,343647.0,53,383479.00000000006,53,383479.00000000006
88,31,5.685533160872161e-06,40,1.0347896272687763e-05,27,7.8496632494466e-06,31,5.685533160872161e-06,56,2.909962839774536e-06,40,1.0347896272687763e-05,40,1.0347896272687763e-05,31,5.685533160872161e-06,56,2.909962839774536e-06,56,2.909962839774536e-06,27,7.8496632494466e-06,40,1.0347896272687763e-05,40,1.0347896272687763e-05,27,7.8496632494466e-06,40,1.0347896272687763e-05,27,127393.99999999999,40,96638.0,27,127393.99999999999,31,175885.0,31,175885.0,27,127393.99999999999,56,343647.0,53,383479.00000000006,50,266660.5,40,96638.0,40,96638.0,31,175885.0,40,96638.0,31,175885.0,31,175885.0,27,127393.99999999999,31,175885.0,40,96638.0,56,343647.0,40,96638.0,56,343647.0,40,96638.0,27,127393.99999999999,27,127393.99999999999,50,266660.5,40,96638.0,40,96638.0,56,343647.0,56,343647.0,31,175885.0,56,343647.0,40,96638.0,27,127393.99999999999,56,343647.0,56,343647.0
89,39,6.047777441790142e-06,31,5.685533160872161e-06,40,1.0347896272687763e-05,40,1.0347896272687763e-05,27,7.8496632494466e-06,31,5.685533160872161e-06,27,7.8496632494466e-06,27,7.8496632494466e-06,40,1.0347896272687763e-05,40,1.0347896272687763e-05,40,1.0347896272687763e-05,31,5.685533160872161e-06,31,5.685533160872161e-06,40,1.0347896272687763e-05,31,5.685533160872161e-06,40,96638.0,31,175885.0,31,175885.0,40,96638.0,39,165350.0,40,96638.0,40,96638.0,40,96638.0,53,383479.00000000006,31,175885.0,27,127393.99999999999,39,165350.0,27,127393.99999999999,39,165350.0,27,127393.99999999999,40,96638.0,27,127393.99999999999,31,175885.0,27,127393.99999999999,31,175885.0,40,96638.0,31,175885.0,40,96638.0,40,96638.0,56,343647.0,31,175885.0,27,127393.99999999999,40,96638.0,27,127393.99999999999,27,127393.99999999999,27,127393.99999999999,31,175885.0,40,96638.0,40,96638.0,40,96638.0
